[{"model": "api.category", "pk": 1, "fields": {"name": "Закуски", "order": 0}}, {"model": "api.category", "pk": 2, "fields": {"name": "Салаты", "order": 0}}, {"model": "api.category", "pk": 3, "fields": {"name": "Платеры", "order": 0}}, {"model": "api.category", "pk": 4, "fields": {"name": "Горячее", "order": 0}}, {"model": "api.category", "pk": 5, "fields": {"name": "Соусы", "order": 0}}, {"model": "api.category", "pk": 6, "fields": {"name": "Детское", "order": 0}}, {"model": "api.category", "pk": 7, "fields": {"name": "Десерты", "order": 0}}, {"model": "api.category", "pk": 8, "fields": {"name": "Напитки", "order": 0}}, {"model": "api.category", "pk": 9, "fields": {"name": "Дополнительно", "order": 0}}, {"model": "api.category", "pk": 10, "fields": {"name": "Станция", "order": 0}}, {"model": "api.category", "pk": 11, "fields": {"name": "Азия", "order": 0}}, {"model": "api.category", "pk": 12, "fields": {"name": "Сервисный сбор", "order": 0}}, {"model": "api.category", "pk": 13, "fields": {"name": "Посуда", "order": 0}}, {"model": "api.subcategory", "pk": 1, "fields": {"name": "Рыбные закуски", "order": 0, "category": 1}}, {"model": "api.subcategory", "pk": 2, "fields": {"name": "Закуски без мяса", "order": 0, "category": 1}}, {"model": "api.subcategory", "pk": 3, "fields": {"name": "Мясные закуски", "order": 0, "category": 1}}, {"model": "api.subcategory", "pk": 4, "fields": {"name": "Горячее мясо и птица", "order": 0, "category": 4}}, {"model": "api.subcategory", "pk": 5, "fields": {"name": "Горячее без мяса", "order": 0, "category": 4}}, {"model": "api.subcategory", "pk": 6, "fields": {"name": "Горячее рыба", "order": 0, "category": 4}}, {"model": "api.position", "pk": 1, "fields": {"name": "Бородинский тост с форшмаком  перепелиным яйцом", "price": "2.00", "new": true, "text": "текст", "ingredients": "ингредиенты", "image": "", "category": [1], "sub_category": [1]}}, {"model": "api.position", "pk": 2, "fields": {"name": "Креветка панко в соусе сладкий чили", "price": "2.00", "new": true, "text": "текст", "ingredients": "ингредиенты", "image": "", "category": [1], "sub_category": [1]}}, {"model": "api.position", "pk": 3, "fields": {"name": "Тар - тар из лосося с огурцом и авокадо", "price": "5.00", "new": false, "text": "текст", "ingredients": "ингредиенты", "image": "", "category": [1], "sub_category": [1]}}, {"model": "api.position", "pk": 4, "fields": {"name": "Профитроли с муссом из копченого лосося и икрой", "price": "4.00", "new": false, "text": "текст", "ingredients": "ингредиенты", "image": "", "category": [1], "sub_category": [1]}}, {"model": "api.position", "pk": 5, "fields": {"name": "Тигровая креветка в беконе с черри", "price": "3.00", "new": false, "text": "текст", "ingredients": "ингредиенты", "image": "", "category": [1], "sub_category": [1]}}, {"model": "api.position", "pk": 6, "fields": {"name": "Мини круассан с лососем и рукколой", "price": "5.00", "new": false, "text": "текст", "ingredients": "ингредиенты", "image": "", "category": [1], "sub_category": [1]}}, {"model": "api.position", "pk": 7, "fields": {"name": "Оладушки с лососем", "price": "3.00", "new": false, "text": "текст", "ingredients": "ингредиенты", "image": "", "category": [1], "sub_category": [1]}}, {"model": "api.position", "pk": 8, "fields": {"name": "Лист салата с авокадо, креветками и манго", "price": "5.00", "new": false, "text": "текст", "ingredients": "ингредиенты", "image": "", "category": [1], "sub_category": [1]}}, {"model": "api.position", "pk": 9, "fields": {"name": "Рыбный крокет", "price": "4.00", "new": true, "text": "текст", "ingredients": "ингредиенты", "image": "", "category": [1], "sub_category": [1]}}, {"model": "api.position", "pk": 10, "fields": {"name": "Рулет блинный с лососем и филадельфией", "price": "2.00", "new": false, "text": "текст", "ingredients": "ингредиенты", "image": "", "category": [1], "sub_category": [1]}}, {"model": "api.position", "pk": 11, "fields": {"name": "Кубик лосося на шпажке с цукини и тар-тар", "price": "3.00", "new": false, "text": "текст", "ingredients": "ингредиенты", "image": "", "category": [1], "sub_category": [1]}}, {"model": "api.position", "pk": 12, "fields": {"name": "Брускетта с лососем и цитрусовой филой", "price": "4.00", "new": false, "text": "текст", "ingredients": "ингредиенты", "image": "", "category": [1], "sub_category": [1]}}, {"model": "api.position", "pk": 13, "fields": {"name": "Руккола, креветки, пармезан, валяные томаты", "price": "4.00", "new": false, "text": "текст", "ingredients": "ингредиенты", "image": "", "category": [2], "sub_category": []}}, {"model": "api.position", "pk": 14, "fields": {"name": "Три вида томатов, буффало, моцарелла, авокадо", "price": "4.00", "new": false, "text": "текст", "ingredients": "ингредиенты", "image": "", "category": [2], "sub_category": []}}, {"model": "api.position", "pk": 15, "fields": {"name": "Оливье с курицей", "price": "4.00", "new": false, "text": "текст", "ingredients": "ингредиенты", "image": "", "category": [2], "sub_category": []}}, {"model": "api.position", "pk": 16, "fields": {"name": "Оливье с докторской колбаской", "price": "4.00", "new": false, "text": "текст", "ingredients": "ингредиенты", "image": "", "category": [2], "sub_category": []}}, {"model": "api.position", "pk": 17, "fields": {"name": "Оливье с креветками", "price": "4.00", "new": false, "text": "текст", "ingredients": "ингредиенты", "image": "", "category": [2], "sub_category": []}}, {"model": "api.position", "pk": 18, "fields": {"name": "Свекла печеная, козий сыр, фундук, бальзамик", "price": "4.00", "new": false, "text": "текст", "ingredients": "ингредиенты", "image": "", "category": [2], "sub_category": []}}, {"model": "api.position", "pk": 19, "fields": {"name": "Греческий с фетой и оливками каламата", "price": "4.00", "new": false, "text": "текст", "ingredients": "ингредиенты", "image": "", "category": [2], "sub_category": []}}, {"model": "api.position", "pk": 20, "fields": {"name": "Цезарь с курицей", "price": "4.00", "new": true, "text": "текст", "ingredients": "ингредиенты", "image": "", "category": [2], "sub_category": []}}, {"model": "api.position", "pk": 21, "fields": {"name": "Цезарь с креветками", "price": "4.00", "new": true, "text": "текст", "ingredients": "ингредиенты", "image": "", "category": [2], "sub_category": []}}, {"model": "api.position", "pk": 22, "fields": {"name": "Салат  чука, древесными грибами и ореховым соусом", "price": "0.00", "new": false, "text": "текст", "ingredients": "ингредиенты", "image": "", "category": [2], "sub_category": []}}, {"model": "api.position", "pk": 23, "fields": {"name": "Сырный платтер", "price": "60.00", "new": false, "text": "текст", "ingredients": "ингредиенты", "image": "", "category": [3], "sub_category": []}}, {"model": "api.position", "pk": 24, "fields": {"name": "Мясной платтер", "price": "60.00", "new": false, "text": "текст", "ingredients": "ингредиенты", "image": "", "category": [3], "sub_category": []}}, {"model": "api.position", "pk": 25, "fields": {"name": "Большое блюдо чипсов", "price": "60.00", "new": false, "text": "текст", "ingredients": "ингредиенты", "image": "", "category": [3], "sub_category": []}}, {"model": "api.position", "pk": 26, "fields": {"name": "Фрукты сезонные", "price": "60.00", "new": false, "text": "текст", "ingredients": "ингредиенты", "image": "", "category": [3], "sub_category": []}}, {"model": "api.position", "pk": 27, "fields": {"name": "Бамбуковые конусы со свежими ягодами", "price": "50.00", "new": false, "text": "текст", "ingredients": "ингредиенты", "image": "", "category": [3], "sub_category": []}}, {"model": "api.position", "pk": 28, "fields": {"name": "Хлебная тарелка", "price": "25.00", "new": false, "text": "текст", "ingredients": "ингредиенты", "image": "", "category": [3], "sub_category": []}}, {"model": "api.position", "pk": 29, "fields": {"name": "Свежие овощи", "price": "25.00", "new": false, "text": "текст", "ingredients": "ингредиенты", "image": "", "category": [3], "sub_category": []}}, {"model": "api.position", "pk": 30, "fields": {"name": "Шарик козьего сыра с орешками и зеленью", "price": "2.00", "new": false, "text": "текст", "ingredients": "ингредиенты", "image": "", "category": [1], "sub_category": [2]}}, {"model": "api.position", "pk": 31, "fields": {"name": "Канапе свежая моцарелла, черри, песто", "price": "2.00", "new": false, "text": "текст", "ingredients": "ингредиенты", "image": "", "category": [1], "sub_category": [2]}}, {"model": "api.position", "pk": 32, "fields": {"name": "Канапе артишок, сыр, оливка", "price": "2.00", "new": false, "text": "текст", "ingredients": "ингредиенты", "image": "", "category": [1], "sub_category": [2]}}, {"model": "api.position", "pk": 33, "fields": {"name": "Канапе оливка, огурец, фета", "price": "2.00", "new": false, "text": "текст", "ingredients": "ингредиенты", "image": "", "category": [1], "sub_category": [2]}}, {"model": "api.position", "pk": 34, "fields": {"name": "Профитроли с печеным баклажаном и сыром", "price": "2.00", "new": false, "text": "текст", "ingredients": "ингредиенты", "image": "", "category": [1], "sub_category": [2]}}, {"model": "api.position", "pk": 35, "fields": {"name": "Брускетта с грибами и луком конфи", "price": "2.00", "new": false, "text": "текст", "ingredients": "ингредиенты", "image": "", "category": [1], "sub_category": [2]}}, {"model": "api.position", "pk": 36, "fields": {"name": "Брускетта с трюфелем, авокадо и перепелиным яйцом", "price": "2.00", "new": false, "text": "текст", "ingredients": "ингредиенты", "image": "", "category": [1], "sub_category": [2]}}, {"model": "api.position", "pk": 37, "fields": {"name": "Овощные палочки", "price": "2.00", "new": false, "text": "текст", "ingredients": "ингредиенты", "image": "", "category": [1], "sub_category": [2]}}, {"model": "api.position", "pk": 38, "fields": {"name": "Батат, крем из цветной капусты и луковый джем", "price": "2.00", "new": false, "text": "текст", "ingredients": "ингредиенты", "image": "", "category": [1], "sub_category": [2]}}, {"model": "api.position", "pk": 39, "fields": {"name": "Хумус с гриссини в мини конусе", "price": "2.00", "new": false, "text": "текст", "ingredients": "ингредиенты", "image": "", "category": [1], "sub_category": [2]}}, {"model": "api.position", "pk": 40, "fields": {"name": "Шашлычки куриные", "price": "4.00", "new": true, "text": "текст", "ingredients": "ингредиенты", "image": "", "category": [4], "sub_category": [4]}}, {"model": "api.position", "pk": 41, "fields": {"name": "Шницель куриный в панировке панко", "price": "5.00", "new": false, "text": "текст", "ingredients": "ингредиенты", "image": "", "category": [4], "sub_category": [4]}}, {"model": "api.position", "pk": 42, "fields": {"name": "Тефтельки из индейки с рикоттой, розмарином и тома", "price": "7.00", "new": false, "text": "текст", "ingredients": "ингредиенты", "image": "", "category": [4], "sub_category": [4]}}, {"model": "api.position", "pk": 43, "fields": {"name": "Люля-кебаб из баранины", "price": "6.00", "new": false, "text": "текст", "ingredients": "ингредиенты", "image": "", "category": [4], "sub_category": [4]}}, {"model": "api.position", "pk": 44, "fields": {"name": "Корейка барашка на косточке", "price": "7.00", "new": false, "text": "текст", "ingredients": "ингредиенты", "image": "", "category": [4], "sub_category": [4]}}, {"model": "api.position", "pk": 45, "fields": {"name": "Стейк рибай блэк ангус", "price": "60.00", "new": false, "text": "текст", "ingredients": "ингредиенты", "image": "", "category": [4], "sub_category": [4]}}, {"model": "api.position", "pk": 46, "fields": {"name": "Мини бургер с рваной свининой и коу слоу", "price": "8.00", "new": false, "text": "текст", "ingredients": "ингредиенты", "image": "", "category": [4], "sub_category": [4]}}, {"model": "api.position", "pk": 47, "fields": {"name": "Шашлычки свиные классические", "price": "7.00", "new": false, "text": "текст", "ingredients": "ингредиенты", "image": "", "category": [4], "sub_category": [4]}}, {"model": "api.position", "pk": 48, "fields": {"name": "Мини сосиски в беконе", "price": "2.00", "new": true, "text": "текст", "ingredients": "ингредиенты", "image": "", "category": [4], "sub_category": [4]}}, {"model": "api.position", "pk": 49, "fields": {"name": "Мини бургер с уткой и соусом хойсин", "price": "8.00", "new": false, "text": "текст", "ingredients": "ингредиенты", "image": "", "category": [4], "sub_category": [4]}}, {"model": "api.position", "pk": 50, "fields": {"name": "Филе сибаса на гриле", "price": "8.00", "new": false, "text": "текст", "ingredients": "ингредиенты", "image": "", "category": [4], "sub_category": [6]}}, {"model": "api.position", "pk": 51, "fields": {"name": "Филе лосося в кокосовом соусе том-ям", "price": "9.00", "new": false, "text": "текст", "ingredients": "ингредиенты", "image": "", "category": [4], "sub_category": [6]}}, {"model": "api.position", "pk": 52, "fields": {"name": "Тигровые креветки на шпажке с соусом терияки", "price": "3.00", "new": false, "text": "текст", "ingredients": "ингредиенты", "image": "", "category": [4], "sub_category": [6]}}, {"model": "api.position", "pk": 53, "fields": {"name": "Шашлычки из лосося с черри", "price": "5.00", "new": false, "text": "текст", "ingredients": "ингредиенты", "image": "", "category": [4], "sub_category": [6]}}, {"model": "api.position", "pk": 54, "fields": {"name": "Рыбный крокет с соусом тар-тар", "price": "3.00", "new": false, "text": "текст", "ingredients": "ингредиенты", "image": "", "category": [4], "sub_category": [6]}}, {"model": "api.position", "pk": 55, "fields": {"name": "Картофель бэйби с розмарином и специями", "price": "2.00", "new": false, "text": "текст", "ingredients": "ингредиенты", "image": "", "category": [4, 6], "sub_category": [5]}}, {"model": "api.position", "pk": 56, "fields": {"name": "Картофель жареный с грибами", "price": "4.00", "new": false, "text": "текст", "ingredients": "ингредиенты", "image": "", "category": [4], "sub_category": [5]}}, {"model": "api.position", "pk": 57, "fields": {"name": "Овощи на гриле", "price": "5.00", "new": false, "text": "текст", "ingredients": "ингредиенты", "image": "", "category": [4], "sub_category": [5]}}, {"model": "api.position", "pk": 58, "fields": {"name": "Драники картофельные", "price": "2.00", "new": false, "text": "текст", "ingredients": "ингредиенты", "image": "", "category": [4], "sub_category": [5]}}, {"model": "api.position", "pk": 59, "fields": {"name": "Картофельный гратен с сыром грюйер, бататом", "price": "3.00", "new": false, "text": "текст", "ingredients": "ингредиенты", "image": "", "category": [4], "sub_category": [5]}}, {"model": "api.position", "pk": 60, "fields": {"name": "Сырный крем в беконе", "price": "2.00", "new": false, "text": "текст", "ingredients": "ингредиенты", "image": "", "category": [1], "sub_category": [3]}}, {"model": "api.position", "pk": 61, "fields": {"name": "Канапе артишок, салями, оливка", "price": "2.00", "new": false, "text": "текст", "ingredients": "ингредиенты", "image": "", "category": [1], "sub_category": [3]}}, {"model": "api.position", "pk": 62, "fields": {"name": "Брускетта с патте из фуагра с луком конфи", "price": "4.00", "new": false, "text": "текст", "ingredients": "ингредиенты", "image": "", "category": [1], "sub_category": [3]}}, {"model": "api.position", "pk": 63, "fields": {"name": "Брезаола с козьим сыром и рукколой", "price": "3.00", "new": false, "text": "текст", "ingredients": "ингредиенты", "image": "", "category": [1], "sub_category": [3]}}, {"model": "api.position", "pk": 64, "fields": {"name": "Брускетта хумус, пуллет порк, луковый джем", "price": "4.00", "new": false, "text": "текст", "ingredients": "ингредиенты", "image": "", "category": [1], "sub_category": [3]}}, {"model": "api.position", "pk": 65, "fields": {"name": "Брускетта с филадельфией, прошуто и инжиром", "price": "4.00", "new": false, "text": "текст", "ingredients": "ингредиенты", "image": "", "category": [1], "sub_category": [3]}}, {"model": "api.position", "pk": 66, "fields": {"name": "Брускетта хумус, печеный перец, ростбиф", "price": "4.00", "new": false, "text": "текст", "ingredients": "ингредиенты", "image": "", "category": [1], "sub_category": [3]}}, {"model": "api.position", "pk": 67, "fields": {"name": "Мини круассан с куриным филе, томатом и рукколой", "price": "4.00", "new": false, "text": "текст", "ingredients": "ингредиенты", "image": "", "category": [1], "sub_category": [3]}}, {"model": "api.position", "pk": 68, "fields": {"name": "Куриный попкорн с соусом терияки", "price": "4.00", "new": false, "text": "текст", "ingredients": "ингредиенты", "image": "", "category": [1, 6], "sub_category": [2]}}, {"model": "api.position", "pk": 69, "fields": {"name": "Канапе дыня, дор-блю, прошуто", "price": "3.00", "new": false, "text": "текст", "ingredients": "ингредиенты", "image": "", "category": [1], "sub_category": [3]}}, {"model": "api.position", "pk": 70, "fields": {"name": "Соус берблан", "price": "4.00", "new": false, "text": "текст", "ingredients": "ингредиенты", "image": "", "category": [5], "sub_category": []}}, {"model": "api.position", "pk": 71, "fields": {"name": "Соус BBQ", "price": "4.00", "new": false, "text": "текст", "ingredients": "ингредиенты", "image": "", "category": [5], "sub_category": []}}, {"model": "api.position", "pk": 72, "fields": {"name": "Соус перечный", "price": "4.00", "new": false, "text": "текст", "ingredients": "ингредиенты", "image": "", "category": [5], "sub_category": []}}, {"model": "api.position", "pk": 73, "fields": {"name": "Соус карри", "price": "4.00", "new": false, "text": "текст", "ingredients": "ингредиенты", "image": "", "category": [5], "sub_category": []}}, {"model": "api.position", "pk": 74, "fields": {"name": "Соус сацебели", "price": "4.00", "new": false, "text": "текст", "ingredients": "ингредиенты", "image": "", "category": [5], "sub_category": []}}, {"model": "api.position", "pk": 75, "fields": {"name": "Соус трюфельный с грибами", "price": "4.00", "new": false, "text": "текст", "ingredients": "ингредиенты", "image": "", "category": [5], "sub_category": []}}, {"model": "api.position", "pk": 76, "fields": {"name": "Соус песто", "price": "4.00", "new": false, "text": "текст", "ingredients": "ингредиенты", "image": "", "category": [5], "sub_category": []}}, {"model": "api.position", "pk": 77, "fields": {"name": "Соус ромеско", "price": "4.00", "new": false, "text": "текст", "ingredients": "ингредиенты", "image": "", "category": [5], "sub_category": []}}, {"model": "api.position", "pk": 78, "fields": {"name": "Соус терияки", "price": "4.00", "new": false, "text": "текст", "ingredients": "ингредиенты", "image": "", "category": [5], "sub_category": []}}, {"model": "api.position", "pk": 79, "fields": {"name": "Паста с котлетками из индейки в томатном соусе", "price": "7.00", "new": false, "text": "текст", "ingredients": "ингредиенты", "image": "", "category": [6], "sub_category": []}}, {"model": "api.position", "pk": 80, "fields": {"name": "Паста с пармезаном", "price": "4.00", "new": false, "text": "текст", "ingredients": "ингредиенты", "image": "", "category": [6], "sub_category": []}}, {"model": "api.position", "pk": 81, "fields": {"name": "Мини пицца маргарита", "price": "2.00", "new": false, "text": "текст", "ingredients": "ингредиенты", "image": "", "category": [6], "sub_category": []}}, {"model": "api.position", "pk": 83, "fields": {"name": "Мини бургер с говядиной блэк ангус и сыром", "price": "7.00", "new": false, "text": "текст", "ingredients": "ингредиенты", "image": "", "category": [6], "sub_category": []}}, {"model": "api.position", "pk": 85, "fields": {"name": "Овощные палочки.", "price": "2.00", "new": false, "text": "текст", "ingredients": "ингредиенты", "image": "", "category": [6], "sub_category": []}}, {"model": "api.position", "pk": 86, "fields": {"name": "Шашлычки куриные.", "price": "4.00", "new": false, "text": "текст", "ingredients": "ингредиенты", "image": "", "category": [6], "sub_category": []}}, {"model": "api.position", "pk": 87, "fields": {"name": "Макарун", "price": "4.00", "new": false, "text": "текст", "ingredients": "ингредиенты", "image": "", "category": [7], "sub_category": []}}, {"model": "api.position", "pk": 88, "fields": {"name": "Тирамису", "price": "4.00", "new": false, "text": "текст", "ingredients": "ингредиенты", "image": "", "category": [7], "sub_category": []}}, {"model": "api.position", "pk": 89, "fields": {"name": "Пирожное картошка", "price": "4.00", "new": false, "text": "текст", "ingredients": "ингредиенты", "image": "", "category": [7], "sub_category": []}}, {"model": "api.position", "pk": 90, "fields": {"name": "Павлова с маракуйя", "price": "4.00", "new": false, "text": "текст", "ingredients": "ингредиенты", "image": "", "category": [7], "sub_category": []}}, {"model": "api.position", "pk": 91, "fields": {"name": "Медовик", "price": "4.00", "new": false, "text": "текст", "ingredients": "ингредиенты", "image": "", "category": [7], "sub_category": []}}, {"model": "api.position", "pk": 92, "fields": {"name": "Мини чуррос с нутелой", "price": "4.00", "new": false, "text": "текст", "ingredients": "ингредиенты", "image": "", "category": [7], "sub_category": []}}, {"model": "api.position", "pk": 93, "fields": {"name": "Клюквенный морс", "price": "40.00", "new": false, "text": "текст", "ingredients": "ингредиенты", "image": "", "category": [8], "sub_category": []}}, {"model": "api.position", "pk": 94, "fields": {"name": "Лимонад цитрусовый", "price": "40.00", "new": false, "text": "текст", "ingredients": "ингредиенты", "image": "", "category": [8], "sub_category": []}}, {"model": "api.position", "pk": 95, "fields": {"name": "Лимонад тропический", "price": "40.00", "new": false, "text": "текст", "ingredients": "ингредиенты", "image": "", "category": [8], "sub_category": []}}, {"model": "api.position", "pk": 96, "fields": {"name": "Официант", "price": "30.00", "new": false, "text": "текст", "ingredients": "ингредиенты", "image": "", "category": [9], "sub_category": []}}, {"model": "api.position", "pk": 97, "fields": {"name": "Бармен", "price": "350.00", "new": false, "text": "текст", "ingredients": "ингредиенты", "image": "", "category": [9], "sub_category": []}}, {"model": "api.position", "pk": 98, "fields": {"name": "Мобильный бар + бармен", "price": "700.00", "new": false, "text": "текст", "ingredients": "ингредиенты", "image": "", "category": [10], "sub_category": []}}, {"model": "api.position", "pk": 99, "fields": {"name": "Барбекю бургеры", "price": "400.00", "new": false, "text": "текст", "ingredients": "ингредиенты", "image": "", "category": [10], "sub_category": []}}, {"model": "api.position", "pk": 100, "fields": {"name": "Паэлья с креветками, мидиями и кальмарами", "price": "400.00", "new": false, "text": "текст", "ingredients": "ингредиенты", "image": "", "category": [10], "sub_category": []}}, {"model": "api.position", "pk": 101, "fields": {"name": "Мидии в сливочном соусе и чесночными крутонами", "price": "400.00", "new": false, "text": "текст", "ingredients": "ингредиенты", "image": "", "category": [10], "sub_category": []}}, {"model": "api.position", "pk": 102, "fields": {"name": "Блюда на сковороде WOK в ассортименте", "price": "400.00", "new": false, "text": "текст", "ingredients": "ингредиенты", "image": "", "category": [10], "sub_category": []}}, {"model": "api.position", "pk": 103, "fields": {"name": "Устричный бар с просеко", "price": "400.00", "new": true, "text": "текст", "ingredients": "ингредиенты", "image": "", "category": [10], "sub_category": []}}, {"model": "api.position", "pk": 104, "fields": {"name": "Ризотто", "price": "400.00", "new": false, "text": "текст", "ingredients": "ингредиенты", "image": "", "category": [10], "sub_category": []}}, {"model": "api.position", "pk": 105, "fields": {"name": "Паста в ассортименте", "price": "400.00", "new": false, "text": "текст", "ingredients": "ингредиенты", "image": "", "category": [10], "sub_category": []}}, {"model": "api.position", "pk": 106, "fields": {"name": "Мини чебуреки", "price": "400.00", "new": false, "text": "текст", "ingredients": "ингредиенты", "image": "", "category": [10], "sub_category": []}}, {"model": "api.position", "pk": 107, "fields": {"name": "Гречневая лапша с овощами и соусом", "price": "5.00", "new": false, "text": "текст", "ingredients": "ингредиенты", "image": "", "category": [11], "sub_category": []}}, {"model": "api.position", "pk": 108, "fields": {"name": "Лапша Пад-тай с курицей и кешью", "price": "7.00", "new": false, "text": "текст", "ingredients": "ингредиенты", "image": "", "category": [11], "sub_category": []}}, {"model": "api.position", "pk": 109, "fields": {"name": "Лапша Пад-тай с креветками и кешью", "price": "7.00", "new": false, "text": "текст", "ingredients": "ингредиенты", "image": "", "category": [11], "sub_category": []}}, {"model": "api.position", "pk": 110, "fields": {"name": "Хрустящие овощи в тайском соусе", "price": "5.00", "new": false, "text": "текст", "ingredients": "ингредиенты", "image": "", "category": [11], "sub_category": []}}, {"model": "api.position", "pk": 111, "fields": {"name": "Гедза с овощами и соусом чили", "price": "2.00", "new": false, "text": "текст", "ingredients": "ингредиенты", "image": "", "category": [11], "sub_category": []}}, {"model": "api.position", "pk": 112, "fields": {"name": "Гедза с курицей и соусом чили", "price": "2.00", "new": false, "text": "текст", "ingredients": "ингредиенты", "image": "", "category": [11], "sub_category": []}}, {"model": "api.position", "pk": 113, "fields": {"name": "Поке с лососем, чукой, эдамаме, огурец, понзу", "price": "8.00", "new": false, "text": "текст", "ingredients": "ингредиенты", "image": "", "category": [11], "sub_category": []}}, {"model": "api.position", "pk": 114, "fields": {"name": "Брускетта с уткой по-пекински и соусом хойсин", "price": "4.00", "new": false, "text": "текст", "ingredients": "ингредиенты", "image": "", "category": [11], "sub_category": []}}, {"model": "api.position", "pk": 115, "fields": {"name": "Курочка в соусе сладкий чили", "price": "5.00", "new": false, "text": "текст", "ingredients": "ингредиенты", "image": "", "category": [11], "sub_category": []}}, {"model": "api.position", "pk": 116, "fields": {"name": "Шашлычки куриные в соусе терияки", "price": "4.00", "new": false, "text": "текст", "ingredients": "ингредиенты", "image": "", "category": [11], "sub_category": []}}, {"model": "api.position", "pk": 117, "fields": {"name": "Сервисный сбор до 50 гостей", "price": "15.00", "new": false, "text": "текст", "ingredients": "ингредиенты", "image": "", "category": [12], "sub_category": []}}, {"model": "api.position", "pk": 118, "fields": {"name": "Сервисный сбор более 50 гостей", "price": "10.00", "new": false, "text": "текст", "ingredients": "ингредиенты", "image": "", "category": [12], "sub_category": []}}, {"model": "api.position", "pk": 119, "fields": {"name": "Лимонадник", "price": "5.00", "new": false, "text": "текст", "ingredients": "ингредиенты", "image": "", "category": [13], "sub_category": []}}, {"model": "api.position", "pk": 120, "fields": {"name": "Шот", "price": "1.00", "new": false, "text": "текст", "ingredients": "ингредиенты", "image": "", "category": [13], "sub_category": []}}, {"model": "api.position", "pk": 121, "fields": {"name": "Гастроемкость большая 1/1", "price": "2.00", "new": false, "text": "текст", "ingredients": "ингредиенты", "image": "", "category": [13], "sub_category": []}}, {"model": "api.position", "pk": 122, "fields": {"name": "Гастроемкость средняя 1/2", "price": "2.00", "new": false, "text": "текст", "ingredients": "ингредиенты", "image": "", "category": [13], "sub_category": []}}, {"model": "api.position", "pk": 123, "fields": {"name": "Гастроемкость маленькая 1/3", "price": "2.00", "new": false, "text": "текст", "ingredients": "ингредиенты", "image": "", "category": [13], "sub_category": []}}, {"model": "api.position", "pk": 124, "fields": {"name": "Подставка плетеная", "price": "1.00", "new": false, "text": "текст", "ingredients": "ингредиенты", "image": "", "category": [13], "sub_category": []}}, {"model": "api.position", "pk": 125, "fields": {"name": "Сет посуды", "price": "8.00", "new": false, "text": "текст", "ingredients": "ингредиенты", "image": "", "category": [13], "sub_category": []}}, {"model": "api.position", "pk": 126, "fields": {"name": "Тарелка закусочная", "price": "1.00", "new": false, "text": "текст", "ingredients": "ингредиенты", "image": "", "category": [13], "sub_category": []}}, {"model": "api.position", "pk": 127, "fields": {"name": "Ваза для пунша", "price": "10.00", "new": false, "text": "текст", "ingredients": "ингредиенты", "image": "", "category": [13], "sub_category": []}}, {"model": "api.position", "pk": 128, "fields": {"name": "Флюте для игристого", "price": "2.00", "new": false, "text": "текст", "ingredients": "ингредиенты", "image": "", "category": [13], "sub_category": []}}, {"model": "api.position", "pk": 129, "fields": {"name": "Шале для игристого", "price": "2.00", "new": false, "text": "текст", "ingredients": "ингредиенты", "image": "", "category": [13], "sub_category": []}}, {"model": "api.position", "pk": 130, "fields": {"name": "Бокал для воды", "price": "2.00", "new": false, "text": "текст", "ingredients": "ингредиенты", "image": "", "category": [13], "sub_category": []}}, {"model": "api.position", "pk": 131, "fields": {"name": "Бокал для воды зеленый", "price": "2.00", "new": false, "text": "текст", "ingredients": "ингредиенты", "image": "", "category": [13], "sub_category": []}}, {"model": "api.position", "pk": 132, "fields": {"name": "Мармит для горячих блюд", "price": "20.00", "new": false, "text": "текст", "ingredients": "ингредиенты", "image": "", "category": [13], "sub_category": []}}, {"model": "api.position", "pk": 133, "fields": {"name": "Термопот для горячих напитков", "price": "30.00", "new": false, "text": "текст", "ingredients": "ингредиенты", "image": "", "category": [13], "sub_category": []}}, {"model": "api.position", "pk": 134, "fields": {"name": "Бокал для крепких напитков (рокс)", "price": "2.00", "new": false, "text": "текст", "ingredients": "ингредиенты", "image": "", "category": [13], "sub_category": []}}, {"model": "api.position", "pk": 135, "fields": {"name": "Бокал винный", "price": "2.00", "new": false, "text": "текст", "ingredients": "ингредиенты", "image": "", "category": [13], "sub_category": []}}, {"model": "api.position", "pk": 136, "fields": {"name": "Соусник керамический", "price": "1.00", "new": false, "text": "текст", "ingredients": "ингредиенты", "image": "", "category": [13], "sub_category": []}}, {"model": "api.position", "pk": 137, "fields": {"name": "Тарелка суповая 21 см", "price": "1.50", "new": false, "text": "текст", "ingredients": "ингредиенты", "image": "", "category": [13], "sub_category": []}}, {"model": "api.position", "pk": 138, "fields": {"name": "Тарелка столовая 23 см", "price": "1.50", "new": false, "text": "текст", "ingredients": "ингредиенты", "image": "", "category": [13], "sub_category": []}}, {"model": "api.position", "pk": 139, "fields": {"name": "Настоящий узбекский плов", "price": "400.00", "new": false, "text": "текст", "ingredients": "ингредиенты", "image": "", "category": [10], "sub_category": []}}, {"model": "api.position", "pk": 140, "fields": {"name": "Скатерть белая", "price": "15.00", "new": false, "text": "текст", "ingredients": "ингредиенты", "image": "", "category": [13], "sub_category": []}}, {"model": "api.position", "pk": 141, "fields": {"name": "Скатерть черная", "price": "15.00", "new": false, "text": "текст", "ingredients": "ингредиенты", "image": "", "category": [13], "sub_category": []}}, {"model": "api.position", "pk": 142, "fields": {"name": "Стол раскладной", "price": "20.00", "new": false, "text": "текст", "ingredients": "ингредиенты", "image": "", "category": [13], "sub_category": []}}, {"model": "api.position", "pk": 143, "fields": {"name": "Сет приборов", "price": "3.00", "new": false, "text": "текст", "ingredients": "ингредиенты", "image": "", "category": [13], "sub_category": []}}, {"model": "users.user", "pk": 1, "fields": {"password": "pbkdf2_sha256$390000$jNhMbzG14pkx342esMUnyb$FA35nyZNepYSudKUdVbnaPaai7ZaSn+AKqAVOdYUK7E=", "last_login": "2023-03-19T22:03:58.852Z", "is_superuser": true, "first_name": "", "last_name": "", "email": "", "is_staff": true, "is_active": true, "date_joined": "2023-03-19T22:03:12.106Z", "username": "admin", "groups": [], "user_permissions": []}}, {"model": "admin.logentry", "pk": 1, "fields": {"action_time": "2023-03-19T22:13:44.161Z", "user": 1, "content_type": 2, "object_id": "1", "object_repr": "Бородинский тост с форшмаком  перепелиным яйцом", "action_flag": 1, "change_message": "[{\"added\": {}}]"}}, {"model": "admin.logentry", "pk": 2, "fields": {"action_time": "2023-03-19T22:14:39.008Z", "user": 1, "content_type": 2, "object_id": "2", "object_repr": "Креветка панко в соусе сладкий чили", "action_flag": 1, "change_message": "[{\"added\": {}}]"}}, {"model": "admin.logentry", "pk": 3, "fields": {"action_time": "2023-03-19T22:48:02.961Z", "user": 1, "content_type": 2, "object_id": "138", "object_repr": "Тарелка столовая 23 см", "action_flag": 2, "change_message": "[{\"changed\": {\"fields\": [\"\\u0426\\u0435\\u043d\\u0430\", \"\\u041a\\u0430\\u0442\\u0435\\u0433\\u043e\\u0440\\u0438\\u044f\"]}}]"}}, {"model": "admin.logentry", "pk": 4, "fields": {"action_time": "2023-03-19T22:48:17.527Z", "user": 1, "content_type": 2, "object_id": "137", "object_repr": "Тарелка суповая 21 см", "action_flag": 2, "change_message": "[{\"changed\": {\"fields\": [\"\\u0426\\u0435\\u043d\\u0430\", \"\\u041a\\u0430\\u0442\\u0435\\u0433\\u043e\\u0440\\u0438\\u044f\"]}}]"}}, {"model": "admin.logentry", "pk": 5, "fields": {"action_time": "2023-03-19T22:48:48.061Z", "user": 1, "content_type": 2, "object_id": "143", "object_repr": "Сет приборов", "action_flag": 2, "change_message": "[{\"changed\": {\"fields\": [\"\\u041a\\u0430\\u0442\\u0435\\u0433\\u043e\\u0440\\u0438\\u044f\"]}}]"}}, {"model": "admin.logentry", "pk": 6, "fields": {"action_time": "2023-03-19T22:48:54.771Z", "user": 1, "content_type": 2, "object_id": "142", "object_repr": "Стол раскладной", "action_flag": 2, "change_message": "[{\"changed\": {\"fields\": [\"\\u041a\\u0430\\u0442\\u0435\\u0433\\u043e\\u0440\\u0438\\u044f\"]}}]"}}, {"model": "admin.logentry", "pk": 7, "fields": {"action_time": "2023-03-19T22:49:02.236Z", "user": 1, "content_type": 2, "object_id": "141", "object_repr": "Скатерть черная", "action_flag": 2, "change_message": "[{\"changed\": {\"fields\": [\"\\u041a\\u0430\\u0442\\u0435\\u0433\\u043e\\u0440\\u0438\\u044f\"]}}]"}}, {"model": "admin.logentry", "pk": 8, "fields": {"action_time": "2023-03-19T22:49:07.636Z", "user": 1, "content_type": 2, "object_id": "140", "object_repr": "Скатерть белая", "action_flag": 2, "change_message": "[{\"changed\": {\"fields\": [\"\\u041a\\u0430\\u0442\\u0435\\u0433\\u043e\\u0440\\u0438\\u044f\"]}}]"}}, {"model": "admin.logentry", "pk": 9, "fields": {"action_time": "2023-03-19T22:50:55.026Z", "user": 1, "content_type": 2, "object_id": "84", "object_repr": "Картофель бэйби с розмарином и специями.", "action_flag": 3, "change_message": ""}}, {"model": "admin.logentry", "pk": 10, "fields": {"action_time": "2023-03-19T22:51:22.676Z", "user": 1, "content_type": 2, "object_id": "82", "object_repr": "Куриный попкорн с соусом терияки", "action_flag": 3, "change_message": ""}}, {"model": "admin.logentry", "pk": 11, "fields": {"action_time": "2023-03-19T22:54:09.236Z", "user": 1, "content_type": 2, "object_id": "1", "object_repr": "Бородинский тост с форшмаком  перепелиным яйцом", "action_flag": 2, "change_message": "[{\"changed\": {\"fields\": [\"\\u041a\\u0430\\u0442\\u0435\\u0433\\u043e\\u0440\\u0438\\u044f\", \"\\u041f\\u043e\\u0434\\u043a\\u0430\\u0442\\u0435\\u0433\\u043e\\u0440\\u0438\\u044f\"]}}]"}}, {"model": "admin.logentry", "pk": 12, "fields": {"action_time": "2023-03-19T22:54:16.617Z", "user": 1, "content_type": 2, "object_id": "2", "object_repr": "Креветка панко в соусе сладкий чили", "action_flag": 2, "change_message": "[{\"changed\": {\"fields\": [\"\\u041a\\u0430\\u0442\\u0435\\u0433\\u043e\\u0440\\u0438\\u044f\", \"\\u041f\\u043e\\u0434\\u043a\\u0430\\u0442\\u0435\\u0433\\u043e\\u0440\\u0438\\u044f\"]}}]"}}, {"model": "admin.logentry", "pk": 13, "fields": {"action_time": "2023-03-19T22:54:23.931Z", "user": 1, "content_type": 2, "object_id": "3", "object_repr": "Тар - тар из лосося с огурцом и авокадо", "action_flag": 2, "change_message": "[{\"changed\": {\"fields\": [\"\\u041a\\u0430\\u0442\\u0435\\u0433\\u043e\\u0440\\u0438\\u044f\", \"\\u041f\\u043e\\u0434\\u043a\\u0430\\u0442\\u0435\\u0433\\u043e\\u0440\\u0438\\u044f\"]}}]"}}, {"model": "admin.logentry", "pk": 14, "fields": {"action_time": "2023-03-19T22:54:36.005Z", "user": 1, "content_type": 2, "object_id": "4", "object_repr": "Профитроли с муссом из копченого лосося и икрой", "action_flag": 2, "change_message": "[{\"changed\": {\"fields\": [\"\\u041a\\u0430\\u0442\\u0435\\u0433\\u043e\\u0440\\u0438\\u044f\", \"\\u041f\\u043e\\u0434\\u043a\\u0430\\u0442\\u0435\\u0433\\u043e\\u0440\\u0438\\u044f\"]}}]"}}, {"model": "admin.logentry", "pk": 15, "fields": {"action_time": "2023-03-19T22:54:46.112Z", "user": 1, "content_type": 2, "object_id": "4", "object_repr": "Профитроли с муссом из копченого лосося и икрой", "action_flag": 2, "change_message": "[]"}}, {"model": "admin.logentry", "pk": 16, "fields": {"action_time": "2023-03-19T22:54:51.962Z", "user": 1, "content_type": 2, "object_id": "5", "object_repr": "Тигровая креветка в беконе с черри", "action_flag": 2, "change_message": "[{\"changed\": {\"fields\": [\"\\u041a\\u0430\\u0442\\u0435\\u0433\\u043e\\u0440\\u0438\\u044f\", \"\\u041f\\u043e\\u0434\\u043a\\u0430\\u0442\\u0435\\u0433\\u043e\\u0440\\u0438\\u044f\"]}}]"}}, {"model": "admin.logentry", "pk": 17, "fields": {"action_time": "2023-03-19T22:54:59.953Z", "user": 1, "content_type": 2, "object_id": "6", "object_repr": "Мини круассан с лососем и рукколой", "action_flag": 2, "change_message": "[{\"changed\": {\"fields\": [\"\\u041a\\u0430\\u0442\\u0435\\u0433\\u043e\\u0440\\u0438\\u044f\", \"\\u041f\\u043e\\u0434\\u043a\\u0430\\u0442\\u0435\\u0433\\u043e\\u0440\\u0438\\u044f\"]}}]"}}, {"model": "admin.logentry", "pk": 18, "fields": {"action_time": "2023-03-19T22:55:12.111Z", "user": 1, "content_type": 2, "object_id": "7", "object_repr": "Оладушки с лососем", "action_flag": 2, "change_message": "[{\"changed\": {\"fields\": [\"\\u041a\\u0430\\u0442\\u0435\\u0433\\u043e\\u0440\\u0438\\u044f\", \"\\u041f\\u043e\\u0434\\u043a\\u0430\\u0442\\u0435\\u0433\\u043e\\u0440\\u0438\\u044f\"]}}]"}}, {"model": "admin.logentry", "pk": 19, "fields": {"action_time": "2023-03-19T22:55:19.533Z", "user": 1, "content_type": 2, "object_id": "8", "object_repr": "Лист салата с авокадо, креветками и манго", "action_flag": 2, "change_message": "[{\"changed\": {\"fields\": [\"\\u041a\\u0430\\u0442\\u0435\\u0433\\u043e\\u0440\\u0438\\u044f\", \"\\u041f\\u043e\\u0434\\u043a\\u0430\\u0442\\u0435\\u0433\\u043e\\u0440\\u0438\\u044f\"]}}]"}}, {"model": "admin.logentry", "pk": 20, "fields": {"action_time": "2023-03-19T22:55:25.369Z", "user": 1, "content_type": 2, "object_id": "9", "object_repr": "Рыбный крокет", "action_flag": 2, "change_message": "[{\"changed\": {\"fields\": [\"\\u041a\\u0430\\u0442\\u0435\\u0433\\u043e\\u0440\\u0438\\u044f\", \"\\u041f\\u043e\\u0434\\u043a\\u0430\\u0442\\u0435\\u0433\\u043e\\u0440\\u0438\\u044f\"]}}]"}}, {"model": "admin.logentry", "pk": 21, "fields": {"action_time": "2023-03-19T22:55:33.510Z", "user": 1, "content_type": 2, "object_id": "10", "object_repr": "Рулет блинный с лососем и филадельфией", "action_flag": 2, "change_message": "[{\"changed\": {\"fields\": [\"\\u041a\\u0430\\u0442\\u0435\\u0433\\u043e\\u0440\\u0438\\u044f\", \"\\u041f\\u043e\\u0434\\u043a\\u0430\\u0442\\u0435\\u0433\\u043e\\u0440\\u0438\\u044f\"]}}]"}}, {"model": "admin.logentry", "pk": 22, "fields": {"action_time": "2023-03-19T22:55:41.581Z", "user": 1, "content_type": 2, "object_id": "11", "object_repr": "Кубик лосося на шпажке с цукини и тар-тар", "action_flag": 2, "change_message": "[{\"changed\": {\"fields\": [\"\\u041a\\u0430\\u0442\\u0435\\u0433\\u043e\\u0440\\u0438\\u044f\", \"\\u041f\\u043e\\u0434\\u043a\\u0430\\u0442\\u0435\\u0433\\u043e\\u0440\\u0438\\u044f\"]}}]"}}, {"model": "admin.logentry", "pk": 23, "fields": {"action_time": "2023-03-19T22:55:49.306Z", "user": 1, "content_type": 2, "object_id": "12", "object_repr": "Брускетта с лососем и цитрусовой филой", "action_flag": 2, "change_message": "[{\"changed\": {\"fields\": [\"\\u041a\\u0430\\u0442\\u0435\\u0433\\u043e\\u0440\\u0438\\u044f\", \"\\u041f\\u043e\\u0434\\u043a\\u0430\\u0442\\u0435\\u0433\\u043e\\u0440\\u0438\\u044f\"]}}]"}}, {"model": "admin.logentry", "pk": 24, "fields": {"action_time": "2023-03-19T22:56:23.584Z", "user": 1, "content_type": 2, "object_id": "13", "object_repr": "Руккола, креветки, пармезан, валяные томаты", "action_flag": 2, "change_message": "[{\"changed\": {\"fields\": [\"\\u041a\\u0430\\u0442\\u0435\\u0433\\u043e\\u0440\\u0438\\u044f\"]}}]"}}, {"model": "admin.logentry", "pk": 25, "fields": {"action_time": "2023-03-19T22:56:44.934Z", "user": 1, "content_type": 2, "object_id": "14", "object_repr": "Три вида томатов, буффало, моцарелла, авокадо", "action_flag": 2, "change_message": "[{\"changed\": {\"fields\": [\"\\u041a\\u0430\\u0442\\u0435\\u0433\\u043e\\u0440\\u0438\\u044f\"]}}]"}}, {"model": "admin.logentry", "pk": 26, "fields": {"action_time": "2023-03-19T22:56:58.200Z", "user": 1, "content_type": 2, "object_id": "15", "object_repr": "Оливье с курицей", "action_flag": 2, "change_message": "[{\"changed\": {\"fields\": [\"\\u041a\\u0430\\u0442\\u0435\\u0433\\u043e\\u0440\\u0438\\u044f\"]}}]"}}, {"model": "admin.logentry", "pk": 27, "fields": {"action_time": "2023-03-19T22:57:05.163Z", "user": 1, "content_type": 2, "object_id": "16", "object_repr": "Оливье с докторской колбаской", "action_flag": 2, "change_message": "[{\"changed\": {\"fields\": [\"\\u041a\\u0430\\u0442\\u0435\\u0433\\u043e\\u0440\\u0438\\u044f\"]}}]"}}, {"model": "admin.logentry", "pk": 28, "fields": {"action_time": "2023-03-19T22:57:12.891Z", "user": 1, "content_type": 2, "object_id": "17", "object_repr": "Оливье с креветками", "action_flag": 2, "change_message": "[{\"changed\": {\"fields\": [\"\\u041a\\u0430\\u0442\\u0435\\u0433\\u043e\\u0440\\u0438\\u044f\"]}}]"}}, {"model": "admin.logentry", "pk": 29, "fields": {"action_time": "2023-03-19T22:57:22.421Z", "user": 1, "content_type": 2, "object_id": "18", "object_repr": "Свекла печеная, козий сыр, фундук, бальзамик", "action_flag": 2, "change_message": "[{\"changed\": {\"fields\": [\"\\u041a\\u0430\\u0442\\u0435\\u0433\\u043e\\u0440\\u0438\\u044f\"]}}]"}}, {"model": "admin.logentry", "pk": 30, "fields": {"action_time": "2023-03-19T22:57:33.713Z", "user": 1, "content_type": 2, "object_id": "19", "object_repr": "Греческий с фетой и оливками каламата", "action_flag": 2, "change_message": "[{\"changed\": {\"fields\": [\"\\u041a\\u0430\\u0442\\u0435\\u0433\\u043e\\u0440\\u0438\\u044f\"]}}]"}}, {"model": "admin.logentry", "pk": 31, "fields": {"action_time": "2023-03-19T22:57:45.666Z", "user": 1, "content_type": 2, "object_id": "20", "object_repr": "Цезарь с курицей", "action_flag": 2, "change_message": "[{\"changed\": {\"fields\": [\"\\u041a\\u0430\\u0442\\u0435\\u0433\\u043e\\u0440\\u0438\\u044f\"]}}]"}}, {"model": "admin.logentry", "pk": 32, "fields": {"action_time": "2023-03-19T22:57:53.669Z", "user": 1, "content_type": 2, "object_id": "21", "object_repr": "Цезарь с креветками", "action_flag": 2, "change_message": "[{\"changed\": {\"fields\": [\"\\u041a\\u0430\\u0442\\u0435\\u0433\\u043e\\u0440\\u0438\\u044f\"]}}]"}}, {"model": "admin.logentry", "pk": 33, "fields": {"action_time": "2023-03-19T22:58:04.388Z", "user": 1, "content_type": 2, "object_id": "22", "object_repr": "Салат  чука, древесными грибами и ореховым соусом", "action_flag": 2, "change_message": "[{\"changed\": {\"fields\": [\"\\u041a\\u0430\\u0442\\u0435\\u0433\\u043e\\u0440\\u0438\\u044f\"]}}]"}}, {"model": "admin.logentry", "pk": 34, "fields": {"action_time": "2023-03-19T22:58:11.038Z", "user": 1, "content_type": 2, "object_id": "23", "object_repr": "Сырный платтер", "action_flag": 2, "change_message": "[{\"changed\": {\"fields\": [\"\\u041a\\u0430\\u0442\\u0435\\u0433\\u043e\\u0440\\u0438\\u044f\"]}}]"}}, {"model": "admin.logentry", "pk": 35, "fields": {"action_time": "2023-03-19T22:58:21.012Z", "user": 1, "content_type": 2, "object_id": "24", "object_repr": "Мясной платтер", "action_flag": 2, "change_message": "[{\"changed\": {\"fields\": [\"\\u041a\\u0430\\u0442\\u0435\\u0433\\u043e\\u0440\\u0438\\u044f\"]}}]"}}, {"model": "admin.logentry", "pk": 36, "fields": {"action_time": "2023-03-19T22:58:28.565Z", "user": 1, "content_type": 2, "object_id": "25", "object_repr": "Большое блюдо чипсов", "action_flag": 2, "change_message": "[{\"changed\": {\"fields\": [\"\\u041a\\u0430\\u0442\\u0435\\u0433\\u043e\\u0440\\u0438\\u044f\"]}}]"}}, {"model": "admin.logentry", "pk": 37, "fields": {"action_time": "2023-03-19T22:58:34.629Z", "user": 1, "content_type": 2, "object_id": "26", "object_repr": "Фрукты сезонные", "action_flag": 2, "change_message": "[{\"changed\": {\"fields\": [\"\\u041a\\u0430\\u0442\\u0435\\u0433\\u043e\\u0440\\u0438\\u044f\"]}}]"}}, {"model": "admin.logentry", "pk": 38, "fields": {"action_time": "2023-03-19T22:58:42.599Z", "user": 1, "content_type": 2, "object_id": "27", "object_repr": "Бамбуковые конусы со свежими ягодами", "action_flag": 2, "change_message": "[{\"changed\": {\"fields\": [\"\\u041a\\u0430\\u0442\\u0435\\u0433\\u043e\\u0440\\u0438\\u044f\"]}}]"}}, {"model": "admin.logentry", "pk": 39, "fields": {"action_time": "2023-03-19T22:58:53.406Z", "user": 1, "content_type": 2, "object_id": "28", "object_repr": "Хлебная тарелка", "action_flag": 2, "change_message": "[{\"changed\": {\"fields\": [\"\\u041a\\u0430\\u0442\\u0435\\u0433\\u043e\\u0440\\u0438\\u044f\"]}}]"}}, {"model": "admin.logentry", "pk": 40, "fields": {"action_time": "2023-03-19T22:59:02.086Z", "user": 1, "content_type": 2, "object_id": "29", "object_repr": "Свежие овощи", "action_flag": 2, "change_message": "[{\"changed\": {\"fields\": [\"\\u041a\\u0430\\u0442\\u0435\\u0433\\u043e\\u0440\\u0438\\u044f\"]}}]"}}, {"model": "admin.logentry", "pk": 41, "fields": {"action_time": "2023-03-19T22:59:17.245Z", "user": 1, "content_type": 2, "object_id": "30", "object_repr": "Шарик козьего сыра с орешками и зеленью", "action_flag": 2, "change_message": "[{\"changed\": {\"fields\": [\"\\u041a\\u0430\\u0442\\u0435\\u0433\\u043e\\u0440\\u0438\\u044f\", \"\\u041f\\u043e\\u0434\\u043a\\u0430\\u0442\\u0435\\u0433\\u043e\\u0440\\u0438\\u044f\"]}}]"}}, {"model": "admin.logentry", "pk": 42, "fields": {"action_time": "2023-03-19T22:59:25.960Z", "user": 1, "content_type": 2, "object_id": "31", "object_repr": "Канапе свежая моцарелла, черри, песто", "action_flag": 2, "change_message": "[{\"changed\": {\"fields\": [\"\\u041a\\u0430\\u0442\\u0435\\u0433\\u043e\\u0440\\u0438\\u044f\", \"\\u041f\\u043e\\u0434\\u043a\\u0430\\u0442\\u0435\\u0433\\u043e\\u0440\\u0438\\u044f\"]}}]"}}, {"model": "admin.logentry", "pk": 43, "fields": {"action_time": "2023-03-19T22:59:36.104Z", "user": 1, "content_type": 2, "object_id": "32", "object_repr": "Канапе артишок, сыр, оливка", "action_flag": 2, "change_message": "[{\"changed\": {\"fields\": [\"\\u041a\\u0430\\u0442\\u0435\\u0433\\u043e\\u0440\\u0438\\u044f\", \"\\u041f\\u043e\\u0434\\u043a\\u0430\\u0442\\u0435\\u0433\\u043e\\u0440\\u0438\\u044f\"]}}]"}}, {"model": "admin.logentry", "pk": 44, "fields": {"action_time": "2023-03-19T22:59:54.882Z", "user": 1, "content_type": 2, "object_id": "33", "object_repr": "Канапе оливка, огурец, фета", "action_flag": 2, "change_message": "[{\"changed\": {\"fields\": [\"\\u041a\\u0430\\u0442\\u0435\\u0433\\u043e\\u0440\\u0438\\u044f\", \"\\u041f\\u043e\\u0434\\u043a\\u0430\\u0442\\u0435\\u0433\\u043e\\u0440\\u0438\\u044f\"]}}]"}}, {"model": "admin.logentry", "pk": 45, "fields": {"action_time": "2023-03-19T23:00:33.967Z", "user": 1, "content_type": 2, "object_id": "34", "object_repr": "Профитроли с печеным баклажаном и сыром", "action_flag": 2, "change_message": "[{\"changed\": {\"fields\": [\"\\u041a\\u0430\\u0442\\u0435\\u0433\\u043e\\u0440\\u0438\\u044f\", \"\\u041f\\u043e\\u0434\\u043a\\u0430\\u0442\\u0435\\u0433\\u043e\\u0440\\u0438\\u044f\"]}}]"}}, {"model": "admin.logentry", "pk": 46, "fields": {"action_time": "2023-03-19T23:00:45.083Z", "user": 1, "content_type": 2, "object_id": "35", "object_repr": "Брускетта с грибами и луком конфи", "action_flag": 2, "change_message": "[{\"changed\": {\"fields\": [\"\\u041a\\u0430\\u0442\\u0435\\u0433\\u043e\\u0440\\u0438\\u044f\", \"\\u041f\\u043e\\u0434\\u043a\\u0430\\u0442\\u0435\\u0433\\u043e\\u0440\\u0438\\u044f\"]}}]"}}, {"model": "admin.logentry", "pk": 47, "fields": {"action_time": "2023-03-19T23:00:51.580Z", "user": 1, "content_type": 2, "object_id": "36", "object_repr": "Брускетта с трюфелем, авокадо и перепелиным яйцом", "action_flag": 2, "change_message": "[{\"changed\": {\"fields\": [\"\\u041a\\u0430\\u0442\\u0435\\u0433\\u043e\\u0440\\u0438\\u044f\", \"\\u041f\\u043e\\u0434\\u043a\\u0430\\u0442\\u0435\\u0433\\u043e\\u0440\\u0438\\u044f\"]}}]"}}, {"model": "admin.logentry", "pk": 48, "fields": {"action_time": "2023-03-19T23:01:00.816Z", "user": 1, "content_type": 2, "object_id": "37", "object_repr": "Овощные палочки", "action_flag": 2, "change_message": "[{\"changed\": {\"fields\": [\"\\u041a\\u0430\\u0442\\u0435\\u0433\\u043e\\u0440\\u0438\\u044f\", \"\\u041f\\u043e\\u0434\\u043a\\u0430\\u0442\\u0435\\u0433\\u043e\\u0440\\u0438\\u044f\"]}}]"}}, {"model": "admin.logentry", "pk": 49, "fields": {"action_time": "2023-03-19T23:01:07.100Z", "user": 1, "content_type": 2, "object_id": "38", "object_repr": "Батат, крем из цветной капусты и луковый джем", "action_flag": 2, "change_message": "[{\"changed\": {\"fields\": [\"\\u041a\\u0430\\u0442\\u0435\\u0433\\u043e\\u0440\\u0438\\u044f\", \"\\u041f\\u043e\\u0434\\u043a\\u0430\\u0442\\u0435\\u0433\\u043e\\u0440\\u0438\\u044f\"]}}]"}}, {"model": "admin.logentry", "pk": 50, "fields": {"action_time": "2023-03-19T23:01:18.002Z", "user": 1, "content_type": 2, "object_id": "39", "object_repr": "Хумус с гриссини в мини конусе", "action_flag": 2, "change_message": "[{\"changed\": {\"fields\": [\"\\u041a\\u0430\\u0442\\u0435\\u0433\\u043e\\u0440\\u0438\\u044f\", \"\\u041f\\u043e\\u0434\\u043a\\u0430\\u0442\\u0435\\u0433\\u043e\\u0440\\u0438\\u044f\"]}}]"}}, {"model": "admin.logentry", "pk": 51, "fields": {"action_time": "2023-03-19T23:01:40.064Z", "user": 1, "content_type": 2, "object_id": "40", "object_repr": "Шашлычки куриные", "action_flag": 2, "change_message": "[{\"changed\": {\"fields\": [\"\\u041a\\u0430\\u0442\\u0435\\u0433\\u043e\\u0440\\u0438\\u044f\", \"\\u041f\\u043e\\u0434\\u043a\\u0430\\u0442\\u0435\\u0433\\u043e\\u0440\\u0438\\u044f\"]}}]"}}, {"model": "admin.logentry", "pk": 52, "fields": {"action_time": "2023-03-19T23:01:49.453Z", "user": 1, "content_type": 2, "object_id": "41", "object_repr": "Шницель куриный в панировке панко", "action_flag": 2, "change_message": "[{\"changed\": {\"fields\": [\"\\u041a\\u0430\\u0442\\u0435\\u0433\\u043e\\u0440\\u0438\\u044f\", \"\\u041f\\u043e\\u0434\\u043a\\u0430\\u0442\\u0435\\u0433\\u043e\\u0440\\u0438\\u044f\"]}}]"}}, {"model": "admin.logentry", "pk": 53, "fields": {"action_time": "2023-03-19T23:01:57.810Z", "user": 1, "content_type": 2, "object_id": "42", "object_repr": "Тефтельки из индейки с рикоттой, розмарином и тома", "action_flag": 2, "change_message": "[{\"changed\": {\"fields\": [\"\\u041a\\u0430\\u0442\\u0435\\u0433\\u043e\\u0440\\u0438\\u044f\", \"\\u041f\\u043e\\u0434\\u043a\\u0430\\u0442\\u0435\\u0433\\u043e\\u0440\\u0438\\u044f\"]}}]"}}, {"model": "admin.logentry", "pk": 54, "fields": {"action_time": "2023-03-19T23:02:10.523Z", "user": 1, "content_type": 2, "object_id": "43", "object_repr": "Люля-кебаб из баранины", "action_flag": 2, "change_message": "[{\"changed\": {\"fields\": [\"\\u041a\\u0430\\u0442\\u0435\\u0433\\u043e\\u0440\\u0438\\u044f\", \"\\u041f\\u043e\\u0434\\u043a\\u0430\\u0442\\u0435\\u0433\\u043e\\u0440\\u0438\\u044f\"]}}]"}}, {"model": "admin.logentry", "pk": 55, "fields": {"action_time": "2023-03-19T23:02:44.694Z", "user": 1, "content_type": 2, "object_id": "44", "object_repr": "Корейка барашка на косточке", "action_flag": 2, "change_message": "[{\"changed\": {\"fields\": [\"\\u041a\\u0430\\u0442\\u0435\\u0433\\u043e\\u0440\\u0438\\u044f\", \"\\u041f\\u043e\\u0434\\u043a\\u0430\\u0442\\u0435\\u0433\\u043e\\u0440\\u0438\\u044f\"]}}]"}}, {"model": "admin.logentry", "pk": 56, "fields": {"action_time": "2023-03-19T23:02:55.904Z", "user": 1, "content_type": 2, "object_id": "45", "object_repr": "Стейк рибай блэк ангус", "action_flag": 2, "change_message": "[{\"changed\": {\"fields\": [\"\\u041a\\u0430\\u0442\\u0435\\u0433\\u043e\\u0440\\u0438\\u044f\", \"\\u041f\\u043e\\u0434\\u043a\\u0430\\u0442\\u0435\\u0433\\u043e\\u0440\\u0438\\u044f\"]}}]"}}, {"model": "admin.logentry", "pk": 57, "fields": {"action_time": "2023-03-19T23:03:36.354Z", "user": 1, "content_type": 2, "object_id": "46", "object_repr": "Мини бургер с рваной свининой и коу слоу", "action_flag": 2, "change_message": "[{\"changed\": {\"fields\": [\"\\u041a\\u0430\\u0442\\u0435\\u0433\\u043e\\u0440\\u0438\\u044f\", \"\\u041f\\u043e\\u0434\\u043a\\u0430\\u0442\\u0435\\u0433\\u043e\\u0440\\u0438\\u044f\"]}}]"}}, {"model": "admin.logentry", "pk": 58, "fields": {"action_time": "2023-03-19T23:03:54.131Z", "user": 1, "content_type": 2, "object_id": "47", "object_repr": "Шашлычки свиные классические", "action_flag": 2, "change_message": "[{\"changed\": {\"fields\": [\"\\u041a\\u0430\\u0442\\u0435\\u0433\\u043e\\u0440\\u0438\\u044f\", \"\\u041f\\u043e\\u0434\\u043a\\u0430\\u0442\\u0435\\u0433\\u043e\\u0440\\u0438\\u044f\"]}}]"}}, {"model": "admin.logentry", "pk": 59, "fields": {"action_time": "2023-03-19T23:04:12.432Z", "user": 1, "content_type": 2, "object_id": "48", "object_repr": "Мини сосиски в беконе", "action_flag": 2, "change_message": "[{\"changed\": {\"fields\": [\"\\u041a\\u0430\\u0442\\u0435\\u0433\\u043e\\u0440\\u0438\\u044f\", \"\\u041f\\u043e\\u0434\\u043a\\u0430\\u0442\\u0435\\u0433\\u043e\\u0440\\u0438\\u044f\"]}}]"}}, {"model": "admin.logentry", "pk": 60, "fields": {"action_time": "2023-03-19T23:04:44.284Z", "user": 1, "content_type": 2, "object_id": "49", "object_repr": "Мини бургер с уткой и соусом хойсин", "action_flag": 2, "change_message": "[{\"changed\": {\"fields\": [\"\\u041a\\u0430\\u0442\\u0435\\u0433\\u043e\\u0440\\u0438\\u044f\", \"\\u041f\\u043e\\u0434\\u043a\\u0430\\u0442\\u0435\\u0433\\u043e\\u0440\\u0438\\u044f\"]}}]"}}, {"model": "admin.logentry", "pk": 61, "fields": {"action_time": "2023-03-19T23:05:31.298Z", "user": 1, "content_type": 2, "object_id": "50", "object_repr": "Филе сибаса на гриле", "action_flag": 2, "change_message": "[{\"changed\": {\"fields\": [\"\\u041a\\u0430\\u0442\\u0435\\u0433\\u043e\\u0440\\u0438\\u044f\", \"\\u041f\\u043e\\u0434\\u043a\\u0430\\u0442\\u0435\\u0433\\u043e\\u0440\\u0438\\u044f\"]}}]"}}, {"model": "admin.logentry", "pk": 62, "fields": {"action_time": "2023-03-19T23:05:41.382Z", "user": 1, "content_type": 2, "object_id": "51", "object_repr": "Филе лосося в кокосовом соусе том-ям", "action_flag": 2, "change_message": "[{\"changed\": {\"fields\": [\"\\u041a\\u0430\\u0442\\u0435\\u0433\\u043e\\u0440\\u0438\\u044f\", \"\\u041f\\u043e\\u0434\\u043a\\u0430\\u0442\\u0435\\u0433\\u043e\\u0440\\u0438\\u044f\"]}}]"}}, {"model": "admin.logentry", "pk": 63, "fields": {"action_time": "2023-03-19T23:06:25.638Z", "user": 1, "content_type": 2, "object_id": "52", "object_repr": "Тигровые креветки на шпажке с соусом терияки", "action_flag": 2, "change_message": "[{\"changed\": {\"fields\": [\"\\u041a\\u0430\\u0442\\u0435\\u0433\\u043e\\u0440\\u0438\\u044f\", \"\\u041f\\u043e\\u0434\\u043a\\u0430\\u0442\\u0435\\u0433\\u043e\\u0440\\u0438\\u044f\"]}}]"}}, {"model": "admin.logentry", "pk": 64, "fields": {"action_time": "2023-03-19T23:06:36.409Z", "user": 1, "content_type": 2, "object_id": "53", "object_repr": "Шашлычки из лосося с черри", "action_flag": 2, "change_message": "[{\"changed\": {\"fields\": [\"\\u041a\\u0430\\u0442\\u0435\\u0433\\u043e\\u0440\\u0438\\u044f\", \"\\u041f\\u043e\\u0434\\u043a\\u0430\\u0442\\u0435\\u0433\\u043e\\u0440\\u0438\\u044f\"]}}]"}}, {"model": "admin.logentry", "pk": 65, "fields": {"action_time": "2023-03-19T23:06:56.581Z", "user": 1, "content_type": 2, "object_id": "54", "object_repr": "Рыбный крокет с соусом тар-тар", "action_flag": 2, "change_message": "[{\"changed\": {\"fields\": [\"\\u041a\\u0430\\u0442\\u0435\\u0433\\u043e\\u0440\\u0438\\u044f\", \"\\u041f\\u043e\\u0434\\u043a\\u0430\\u0442\\u0435\\u0433\\u043e\\u0440\\u0438\\u044f\"]}}]"}}, {"model": "admin.logentry", "pk": 66, "fields": {"action_time": "2023-03-19T23:07:20.075Z", "user": 1, "content_type": 2, "object_id": "55", "object_repr": "Картофель бэйби с розмарином и специями", "action_flag": 2, "change_message": "[{\"changed\": {\"fields\": [\"\\u041a\\u0430\\u0442\\u0435\\u0433\\u043e\\u0440\\u0438\\u044f\", \"\\u041f\\u043e\\u0434\\u043a\\u0430\\u0442\\u0435\\u0433\\u043e\\u0440\\u0438\\u044f\"]}}]"}}, {"model": "admin.logentry", "pk": 67, "fields": {"action_time": "2023-03-19T23:07:31.614Z", "user": 1, "content_type": 2, "object_id": "56", "object_repr": "Картофель жареный с грибами", "action_flag": 2, "change_message": "[{\"changed\": {\"fields\": [\"\\u041a\\u0430\\u0442\\u0435\\u0433\\u043e\\u0440\\u0438\\u044f\", \"\\u041f\\u043e\\u0434\\u043a\\u0430\\u0442\\u0435\\u0433\\u043e\\u0440\\u0438\\u044f\"]}}]"}}, {"model": "admin.logentry", "pk": 68, "fields": {"action_time": "2023-03-19T23:07:41.686Z", "user": 1, "content_type": 2, "object_id": "57", "object_repr": "Овощи на гриле", "action_flag": 2, "change_message": "[{\"changed\": {\"fields\": [\"\\u041a\\u0430\\u0442\\u0435\\u0433\\u043e\\u0440\\u0438\\u044f\", \"\\u041f\\u043e\\u0434\\u043a\\u0430\\u0442\\u0435\\u0433\\u043e\\u0440\\u0438\\u044f\"]}}]"}}, {"model": "admin.logentry", "pk": 69, "fields": {"action_time": "2023-03-19T23:07:58.733Z", "user": 1, "content_type": 2, "object_id": "58", "object_repr": "Драники картофельные", "action_flag": 2, "change_message": "[{\"changed\": {\"fields\": [\"\\u041a\\u0430\\u0442\\u0435\\u0433\\u043e\\u0440\\u0438\\u044f\", \"\\u041f\\u043e\\u0434\\u043a\\u0430\\u0442\\u0435\\u0433\\u043e\\u0440\\u0438\\u044f\"]}}]"}}, {"model": "admin.logentry", "pk": 70, "fields": {"action_time": "2023-03-19T23:08:32.584Z", "user": 1, "content_type": 2, "object_id": "59", "object_repr": "Картофельный гратен с сыром грюйер, бататом", "action_flag": 2, "change_message": "[{\"changed\": {\"fields\": [\"\\u041a\\u0430\\u0442\\u0435\\u0433\\u043e\\u0440\\u0438\\u044f\", \"\\u041f\\u043e\\u0434\\u043a\\u0430\\u0442\\u0435\\u0433\\u043e\\u0440\\u0438\\u044f\"]}}]"}}, {"model": "admin.logentry", "pk": 71, "fields": {"action_time": "2023-03-19T23:09:04.814Z", "user": 1, "content_type": 2, "object_id": "60", "object_repr": "Сырный крем в беконе", "action_flag": 2, "change_message": "[{\"changed\": {\"fields\": [\"\\u041a\\u0430\\u0442\\u0435\\u0433\\u043e\\u0440\\u0438\\u044f\", \"\\u041f\\u043e\\u0434\\u043a\\u0430\\u0442\\u0435\\u0433\\u043e\\u0440\\u0438\\u044f\"]}}]"}}, {"model": "admin.logentry", "pk": 72, "fields": {"action_time": "2023-03-19T23:09:25.325Z", "user": 1, "content_type": 2, "object_id": "61", "object_repr": "Канапе артишок, салями, оливка", "action_flag": 2, "change_message": "[{\"changed\": {\"fields\": [\"\\u041a\\u0430\\u0442\\u0435\\u0433\\u043e\\u0440\\u0438\\u044f\", \"\\u041f\\u043e\\u0434\\u043a\\u0430\\u0442\\u0435\\u0433\\u043e\\u0440\\u0438\\u044f\"]}}]"}}, {"model": "admin.logentry", "pk": 73, "fields": {"action_time": "2023-03-19T23:09:37.058Z", "user": 1, "content_type": 2, "object_id": "62", "object_repr": "Брускетта с патте из фуагра с луком конфи", "action_flag": 2, "change_message": "[{\"changed\": {\"fields\": [\"\\u041a\\u0430\\u0442\\u0435\\u0433\\u043e\\u0440\\u0438\\u044f\", \"\\u041f\\u043e\\u0434\\u043a\\u0430\\u0442\\u0435\\u0433\\u043e\\u0440\\u0438\\u044f\"]}}]"}}, {"model": "admin.logentry", "pk": 74, "fields": {"action_time": "2023-03-19T23:09:54.305Z", "user": 1, "content_type": 2, "object_id": "63", "object_repr": "Брезаола с козьим сыром и рукколой", "action_flag": 2, "change_message": "[{\"changed\": {\"fields\": [\"\\u041a\\u0430\\u0442\\u0435\\u0433\\u043e\\u0440\\u0438\\u044f\", \"\\u041f\\u043e\\u0434\\u043a\\u0430\\u0442\\u0435\\u0433\\u043e\\u0440\\u0438\\u044f\"]}}]"}}, {"model": "admin.logentry", "pk": 75, "fields": {"action_time": "2023-03-19T23:10:11.362Z", "user": 1, "content_type": 2, "object_id": "64", "object_repr": "Брускетта хумус, пуллет порк, луковый джем", "action_flag": 2, "change_message": "[{\"changed\": {\"fields\": [\"\\u041a\\u0430\\u0442\\u0435\\u0433\\u043e\\u0440\\u0438\\u044f\", \"\\u041f\\u043e\\u0434\\u043a\\u0430\\u0442\\u0435\\u0433\\u043e\\u0440\\u0438\\u044f\"]}}]"}}, {"model": "admin.logentry", "pk": 76, "fields": {"action_time": "2023-03-19T23:10:23.705Z", "user": 1, "content_type": 2, "object_id": "65", "object_repr": "Брускетта с филадельфией, прошуто и инжиром", "action_flag": 2, "change_message": "[{\"changed\": {\"fields\": [\"\\u041a\\u0430\\u0442\\u0435\\u0433\\u043e\\u0440\\u0438\\u044f\", \"\\u041f\\u043e\\u0434\\u043a\\u0430\\u0442\\u0435\\u0433\\u043e\\u0440\\u0438\\u044f\"]}}]"}}, {"model": "admin.logentry", "pk": 77, "fields": {"action_time": "2023-03-19T23:10:32.716Z", "user": 1, "content_type": 2, "object_id": "66", "object_repr": "Брускетта хумус, печеный перец, ростбиф", "action_flag": 2, "change_message": "[{\"changed\": {\"fields\": [\"\\u041a\\u0430\\u0442\\u0435\\u0433\\u043e\\u0440\\u0438\\u044f\", \"\\u041f\\u043e\\u0434\\u043a\\u0430\\u0442\\u0435\\u0433\\u043e\\u0440\\u0438\\u044f\"]}}]"}}, {"model": "admin.logentry", "pk": 78, "fields": {"action_time": "2023-03-19T23:10:50.032Z", "user": 1, "content_type": 2, "object_id": "67", "object_repr": "Мини круассан с куриным филе, томатом и рукколой", "action_flag": 2, "change_message": "[{\"changed\": {\"fields\": [\"\\u041a\\u0430\\u0442\\u0435\\u0433\\u043e\\u0440\\u0438\\u044f\", \"\\u041f\\u043e\\u0434\\u043a\\u0430\\u0442\\u0435\\u0433\\u043e\\u0440\\u0438\\u044f\"]}}]"}}, {"model": "admin.logentry", "pk": 79, "fields": {"action_time": "2023-03-19T23:11:18.041Z", "user": 1, "content_type": 2, "object_id": "68", "object_repr": "Куриный попкорн с соусом терияки", "action_flag": 2, "change_message": "[{\"changed\": {\"fields\": [\"\\u041a\\u0430\\u0442\\u0435\\u0433\\u043e\\u0440\\u0438\\u044f\", \"\\u041f\\u043e\\u0434\\u043a\\u0430\\u0442\\u0435\\u0433\\u043e\\u0440\\u0438\\u044f\"]}}]"}}, {"model": "admin.logentry", "pk": 80, "fields": {"action_time": "2023-03-19T23:11:38.647Z", "user": 1, "content_type": 2, "object_id": "69", "object_repr": "Канапе дыня, дор-блю, прошуто", "action_flag": 2, "change_message": "[{\"changed\": {\"fields\": [\"\\u041a\\u0430\\u0442\\u0435\\u0433\\u043e\\u0440\\u0438\\u044f\", \"\\u041f\\u043e\\u0434\\u043a\\u0430\\u0442\\u0435\\u0433\\u043e\\u0440\\u0438\\u044f\"]}}]"}}, {"model": "admin.logentry", "pk": 81, "fields": {"action_time": "2023-03-19T23:11:56.353Z", "user": 1, "content_type": 2, "object_id": "70", "object_repr": "Соус берблан", "action_flag": 2, "change_message": "[{\"changed\": {\"fields\": [\"\\u041a\\u0430\\u0442\\u0435\\u0433\\u043e\\u0440\\u0438\\u044f\"]}}]"}}, {"model": "admin.logentry", "pk": 82, "fields": {"action_time": "2023-03-19T23:12:04.582Z", "user": 1, "content_type": 2, "object_id": "71", "object_repr": "Соус BBQ", "action_flag": 2, "change_message": "[{\"changed\": {\"fields\": [\"\\u041a\\u0430\\u0442\\u0435\\u0433\\u043e\\u0440\\u0438\\u044f\"]}}]"}}, {"model": "admin.logentry", "pk": 83, "fields": {"action_time": "2023-03-19T23:12:13.696Z", "user": 1, "content_type": 2, "object_id": "72", "object_repr": "Соус перечный", "action_flag": 2, "change_message": "[{\"changed\": {\"fields\": [\"\\u041a\\u0430\\u0442\\u0435\\u0433\\u043e\\u0440\\u0438\\u044f\"]}}]"}}, {"model": "admin.logentry", "pk": 84, "fields": {"action_time": "2023-03-19T23:12:32.328Z", "user": 1, "content_type": 2, "object_id": "73", "object_repr": "Соус карри", "action_flag": 2, "change_message": "[{\"changed\": {\"fields\": [\"\\u041a\\u0430\\u0442\\u0435\\u0433\\u043e\\u0440\\u0438\\u044f\"]}}]"}}, {"model": "admin.logentry", "pk": 85, "fields": {"action_time": "2023-03-19T23:12:39.262Z", "user": 1, "content_type": 2, "object_id": "74", "object_repr": "Соус сацебели", "action_flag": 2, "change_message": "[{\"changed\": {\"fields\": [\"\\u041a\\u0430\\u0442\\u0435\\u0433\\u043e\\u0440\\u0438\\u044f\"]}}]"}}, {"model": "admin.logentry", "pk": 86, "fields": {"action_time": "2023-03-19T23:12:45.547Z", "user": 1, "content_type": 2, "object_id": "75", "object_repr": "Соус трюфельный с грибами", "action_flag": 2, "change_message": "[{\"changed\": {\"fields\": [\"\\u041a\\u0430\\u0442\\u0435\\u0433\\u043e\\u0440\\u0438\\u044f\"]}}]"}}, {"model": "admin.logentry", "pk": 87, "fields": {"action_time": "2023-03-19T23:12:52.522Z", "user": 1, "content_type": 2, "object_id": "76", "object_repr": "Соус песто", "action_flag": 2, "change_message": "[{\"changed\": {\"fields\": [\"\\u041a\\u0430\\u0442\\u0435\\u0433\\u043e\\u0440\\u0438\\u044f\"]}}]"}}, {"model": "admin.logentry", "pk": 88, "fields": {"action_time": "2023-03-19T23:12:58.402Z", "user": 1, "content_type": 2, "object_id": "77", "object_repr": "Соус ромеско", "action_flag": 2, "change_message": "[{\"changed\": {\"fields\": [\"\\u041a\\u0430\\u0442\\u0435\\u0433\\u043e\\u0440\\u0438\\u044f\"]}}]"}}, {"model": "admin.logentry", "pk": 89, "fields": {"action_time": "2023-03-19T23:13:08.474Z", "user": 1, "content_type": 2, "object_id": "78", "object_repr": "Соус терияки", "action_flag": 2, "change_message": "[{\"changed\": {\"fields\": [\"\\u041a\\u0430\\u0442\\u0435\\u0433\\u043e\\u0440\\u0438\\u044f\"]}}]"}}, {"model": "admin.logentry", "pk": 90, "fields": {"action_time": "2023-03-19T23:13:21.958Z", "user": 1, "content_type": 2, "object_id": "79", "object_repr": "Паста с котлетками из индейки в томатном соусе", "action_flag": 2, "change_message": "[{\"changed\": {\"fields\": [\"\\u041a\\u0430\\u0442\\u0435\\u0433\\u043e\\u0440\\u0438\\u044f\"]}}]"}}, {"model": "admin.logentry", "pk": 91, "fields": {"action_time": "2023-03-19T23:13:30.489Z", "user": 1, "content_type": 2, "object_id": "80", "object_repr": "Паста с пармезаном", "action_flag": 2, "change_message": "[{\"changed\": {\"fields\": [\"\\u041a\\u0430\\u0442\\u0435\\u0433\\u043e\\u0440\\u0438\\u044f\"]}}]"}}, {"model": "admin.logentry", "pk": 92, "fields": {"action_time": "2023-03-19T23:13:44.365Z", "user": 1, "content_type": 2, "object_id": "81", "object_repr": "Мини пицца маргарита", "action_flag": 2, "change_message": "[{\"changed\": {\"fields\": [\"\\u041a\\u0430\\u0442\\u0435\\u0433\\u043e\\u0440\\u0438\\u044f\"]}}]"}}, {"model": "admin.logentry", "pk": 93, "fields": {"action_time": "2023-03-19T23:14:03.623Z", "user": 1, "content_type": 2, "object_id": "83", "object_repr": "Мини бургер с говядиной блэк ангус и сыром", "action_flag": 2, "change_message": "[{\"changed\": {\"fields\": [\"\\u041a\\u0430\\u0442\\u0435\\u0433\\u043e\\u0440\\u0438\\u044f\"]}}]"}}, {"model": "admin.logentry", "pk": 94, "fields": {"action_time": "2023-03-19T23:14:55.136Z", "user": 1, "content_type": 2, "object_id": "68", "object_repr": "Куриный попкорн с соусом терияки", "action_flag": 2, "change_message": "[{\"changed\": {\"fields\": [\"\\u041a\\u0430\\u0442\\u0435\\u0433\\u043e\\u0440\\u0438\\u044f\"]}}]"}}, {"model": "admin.logentry", "pk": 95, "fields": {"action_time": "2023-03-19T23:15:25.693Z", "user": 1, "content_type": 2, "object_id": "55", "object_repr": "Картофель бэйби с розмарином и специями", "action_flag": 2, "change_message": "[{\"changed\": {\"fields\": [\"\\u041a\\u0430\\u0442\\u0435\\u0433\\u043e\\u0440\\u0438\\u044f\"]}}]"}}, {"model": "admin.logentry", "pk": 96, "fields": {"action_time": "2023-03-19T23:16:12.343Z", "user": 1, "content_type": 2, "object_id": "85", "object_repr": "Овощные палочки.", "action_flag": 2, "change_message": "[{\"changed\": {\"fields\": [\"\\u041a\\u0430\\u0442\\u0435\\u0433\\u043e\\u0440\\u0438\\u044f\"]}}]"}}, {"model": "admin.logentry", "pk": 97, "fields": {"action_time": "2023-03-19T23:16:20.272Z", "user": 1, "content_type": 2, "object_id": "86", "object_repr": "Шашлычки куриные.", "action_flag": 2, "change_message": "[{\"changed\": {\"fields\": [\"\\u041a\\u0430\\u0442\\u0435\\u0433\\u043e\\u0440\\u0438\\u044f\"]}}]"}}, {"model": "admin.logentry", "pk": 98, "fields": {"action_time": "2023-03-19T23:16:41.542Z", "user": 1, "content_type": 2, "object_id": "87", "object_repr": "Макарун", "action_flag": 2, "change_message": "[{\"changed\": {\"fields\": [\"\\u041a\\u0430\\u0442\\u0435\\u0433\\u043e\\u0440\\u0438\\u044f\"]}}]"}}, {"model": "admin.logentry", "pk": 99, "fields": {"action_time": "2023-03-19T23:16:50.520Z", "user": 1, "content_type": 2, "object_id": "88", "object_repr": "Тирамису", "action_flag": 2, "change_message": "[{\"changed\": {\"fields\": [\"\\u041a\\u0430\\u0442\\u0435\\u0433\\u043e\\u0440\\u0438\\u044f\"]}}]"}}, {"model": "admin.logentry", "pk": 100, "fields": {"action_time": "2023-03-19T23:16:56.831Z", "user": 1, "content_type": 2, "object_id": "89", "object_repr": "Пирожное картошка", "action_flag": 2, "change_message": "[{\"changed\": {\"fields\": [\"\\u041a\\u0430\\u0442\\u0435\\u0433\\u043e\\u0440\\u0438\\u044f\"]}}]"}}, {"model": "admin.logentry", "pk": 101, "fields": {"action_time": "2023-03-19T23:17:04.973Z", "user": 1, "content_type": 2, "object_id": "90", "object_repr": "Павлова с маракуйя", "action_flag": 2, "change_message": "[{\"changed\": {\"fields\": [\"\\u041a\\u0430\\u0442\\u0435\\u0433\\u043e\\u0440\\u0438\\u044f\"]}}]"}}, {"model": "admin.logentry", "pk": 102, "fields": {"action_time": "2023-03-19T23:17:13.411Z", "user": 1, "content_type": 2, "object_id": "91", "object_repr": "Медовик", "action_flag": 2, "change_message": "[{\"changed\": {\"fields\": [\"\\u041a\\u0430\\u0442\\u0435\\u0433\\u043e\\u0440\\u0438\\u044f\"]}}]"}}, {"model": "admin.logentry", "pk": 103, "fields": {"action_time": "2023-03-19T23:17:21.993Z", "user": 1, "content_type": 2, "object_id": "92", "object_repr": "Мини чуррос с нутелой", "action_flag": 2, "change_message": "[{\"changed\": {\"fields\": [\"\\u041a\\u0430\\u0442\\u0435\\u0433\\u043e\\u0440\\u0438\\u044f\"]}}]"}}, {"model": "admin.logentry", "pk": 104, "fields": {"action_time": "2023-03-19T23:17:41.321Z", "user": 1, "content_type": 2, "object_id": "93", "object_repr": "Клюквенный морс", "action_flag": 2, "change_message": "[{\"changed\": {\"fields\": [\"\\u041a\\u0430\\u0442\\u0435\\u0433\\u043e\\u0440\\u0438\\u044f\"]}}]"}}, {"model": "admin.logentry", "pk": 105, "fields": {"action_time": "2023-03-19T23:17:50.705Z", "user": 1, "content_type": 2, "object_id": "94", "object_repr": "Лимонад цитрусовый", "action_flag": 2, "change_message": "[{\"changed\": {\"fields\": [\"\\u041a\\u0430\\u0442\\u0435\\u0433\\u043e\\u0440\\u0438\\u044f\"]}}]"}}, {"model": "admin.logentry", "pk": 106, "fields": {"action_time": "2023-03-19T23:17:59.004Z", "user": 1, "content_type": 2, "object_id": "95", "object_repr": "Лимонад тропический", "action_flag": 2, "change_message": "[{\"changed\": {\"fields\": [\"\\u041a\\u0430\\u0442\\u0435\\u0433\\u043e\\u0440\\u0438\\u044f\"]}}]"}}, {"model": "admin.logentry", "pk": 107, "fields": {"action_time": "2023-03-19T23:18:08.073Z", "user": 1, "content_type": 2, "object_id": "96", "object_repr": "Официант", "action_flag": 2, "change_message": "[{\"changed\": {\"fields\": [\"\\u041a\\u0430\\u0442\\u0435\\u0433\\u043e\\u0440\\u0438\\u044f\"]}}]"}}, {"model": "admin.logentry", "pk": 108, "fields": {"action_time": "2023-03-19T23:18:13.938Z", "user": 1, "content_type": 2, "object_id": "97", "object_repr": "Бармен", "action_flag": 2, "change_message": "[{\"changed\": {\"fields\": [\"\\u041a\\u0430\\u0442\\u0435\\u0433\\u043e\\u0440\\u0438\\u044f\"]}}]"}}, {"model": "admin.logentry", "pk": 109, "fields": {"action_time": "2023-03-19T23:18:24.519Z", "user": 1, "content_type": 2, "object_id": "98", "object_repr": "Мобильный бар + бармен", "action_flag": 2, "change_message": "[{\"changed\": {\"fields\": [\"\\u041a\\u0430\\u0442\\u0435\\u0433\\u043e\\u0440\\u0438\\u044f\"]}}]"}}, {"model": "admin.logentry", "pk": 110, "fields": {"action_time": "2023-03-19T23:18:36.088Z", "user": 1, "content_type": 2, "object_id": "99", "object_repr": "Барбекю бургеры", "action_flag": 2, "change_message": "[{\"changed\": {\"fields\": [\"\\u041a\\u0430\\u0442\\u0435\\u0433\\u043e\\u0440\\u0438\\u044f\"]}}]"}}, {"model": "admin.logentry", "pk": 111, "fields": {"action_time": "2023-03-19T23:18:45.470Z", "user": 1, "content_type": 2, "object_id": "100", "object_repr": "Паэлья с креветками, мидиями и кальмарами", "action_flag": 2, "change_message": "[{\"changed\": {\"fields\": [\"\\u041a\\u0430\\u0442\\u0435\\u0433\\u043e\\u0440\\u0438\\u044f\"]}}]"}}, {"model": "admin.logentry", "pk": 112, "fields": {"action_time": "2023-03-19T23:18:56.650Z", "user": 1, "content_type": 2, "object_id": "101", "object_repr": "Мидии в сливочном соусе и чесночными крутонами", "action_flag": 2, "change_message": "[{\"changed\": {\"fields\": [\"\\u041a\\u0430\\u0442\\u0435\\u0433\\u043e\\u0440\\u0438\\u044f\"]}}]"}}, {"model": "admin.logentry", "pk": 113, "fields": {"action_time": "2023-03-19T23:19:12.748Z", "user": 1, "content_type": 2, "object_id": "102", "object_repr": "Блюда на сковороде WOK в ассортименте", "action_flag": 2, "change_message": "[{\"changed\": {\"fields\": [\"\\u041a\\u0430\\u0442\\u0435\\u0433\\u043e\\u0440\\u0438\\u044f\"]}}]"}}, {"model": "admin.logentry", "pk": 114, "fields": {"action_time": "2023-03-19T23:19:39.035Z", "user": 1, "content_type": 2, "object_id": "103", "object_repr": "Устричный бар с просеко", "action_flag": 2, "change_message": "[{\"changed\": {\"fields\": [\"\\u041a\\u0430\\u0442\\u0435\\u0433\\u043e\\u0440\\u0438\\u044f\"]}}]"}}, {"model": "admin.logentry", "pk": 115, "fields": {"action_time": "2023-03-19T23:19:48.073Z", "user": 1, "content_type": 2, "object_id": "104", "object_repr": "Ризотто", "action_flag": 2, "change_message": "[{\"changed\": {\"fields\": [\"\\u041a\\u0430\\u0442\\u0435\\u0433\\u043e\\u0440\\u0438\\u044f\"]}}]"}}, {"model": "admin.logentry", "pk": 116, "fields": {"action_time": "2023-03-19T23:20:00.722Z", "user": 1, "content_type": 2, "object_id": "105", "object_repr": "Паста в ассортименте", "action_flag": 2, "change_message": "[{\"changed\": {\"fields\": [\"\\u041a\\u0430\\u0442\\u0435\\u0433\\u043e\\u0440\\u0438\\u044f\"]}}]"}}, {"model": "admin.logentry", "pk": 117, "fields": {"action_time": "2023-03-19T23:20:05.466Z", "user": 1, "content_type": 2, "object_id": "106", "object_repr": "Мини чебуреки", "action_flag": 2, "change_message": "[{\"changed\": {\"fields\": [\"\\u041a\\u0430\\u0442\\u0435\\u0433\\u043e\\u0440\\u0438\\u044f\"]}}]"}}, {"model": "admin.logentry", "pk": 118, "fields": {"action_time": "2023-03-19T23:20:18.923Z", "user": 1, "content_type": 2, "object_id": "107", "object_repr": "Гречневая лапша с овощами и соусом", "action_flag": 2, "change_message": "[{\"changed\": {\"fields\": [\"\\u041a\\u0430\\u0442\\u0435\\u0433\\u043e\\u0440\\u0438\\u044f\"]}}]"}}, {"model": "admin.logentry", "pk": 119, "fields": {"action_time": "2023-03-19T23:20:30.117Z", "user": 1, "content_type": 2, "object_id": "108", "object_repr": "Лапша Пад-тай с курицей и кешью", "action_flag": 2, "change_message": "[{\"changed\": {\"fields\": [\"\\u041a\\u0430\\u0442\\u0435\\u0433\\u043e\\u0440\\u0438\\u044f\"]}}]"}}, {"model": "admin.logentry", "pk": 120, "fields": {"action_time": "2023-03-19T23:20:37.094Z", "user": 1, "content_type": 2, "object_id": "109", "object_repr": "Лапша Пад-тай с креветками и кешью", "action_flag": 2, "change_message": "[{\"changed\": {\"fields\": [\"\\u041a\\u0430\\u0442\\u0435\\u0433\\u043e\\u0440\\u0438\\u044f\"]}}]"}}, {"model": "admin.logentry", "pk": 121, "fields": {"action_time": "2023-03-19T23:20:47.230Z", "user": 1, "content_type": 2, "object_id": "110", "object_repr": "Хрустящие овощи в тайском соусе", "action_flag": 2, "change_message": "[{\"changed\": {\"fields\": [\"\\u041a\\u0430\\u0442\\u0435\\u0433\\u043e\\u0440\\u0438\\u044f\"]}}]"}}, {"model": "admin.logentry", "pk": 122, "fields": {"action_time": "2023-03-19T23:20:53.814Z", "user": 1, "content_type": 2, "object_id": "111", "object_repr": "Гедза с овощами и соусом чили", "action_flag": 2, "change_message": "[{\"changed\": {\"fields\": [\"\\u041a\\u0430\\u0442\\u0435\\u0433\\u043e\\u0440\\u0438\\u044f\"]}}]"}}, {"model": "admin.logentry", "pk": 123, "fields": {"action_time": "2023-03-19T23:20:59.808Z", "user": 1, "content_type": 2, "object_id": "112", "object_repr": "Гедза с курицей и соусом чили", "action_flag": 2, "change_message": "[{\"changed\": {\"fields\": [\"\\u041a\\u0430\\u0442\\u0435\\u0433\\u043e\\u0440\\u0438\\u044f\"]}}]"}}, {"model": "admin.logentry", "pk": 124, "fields": {"action_time": "2023-03-19T23:21:13.440Z", "user": 1, "content_type": 2, "object_id": "113", "object_repr": "Поке с лососем, чукой, эдамаме, огурец, понзу", "action_flag": 2, "change_message": "[{\"changed\": {\"fields\": [\"\\u041a\\u0430\\u0442\\u0435\\u0433\\u043e\\u0440\\u0438\\u044f\"]}}]"}}, {"model": "admin.logentry", "pk": 125, "fields": {"action_time": "2023-03-19T23:21:18.958Z", "user": 1, "content_type": 2, "object_id": "114", "object_repr": "Брускетта с уткой по-пекински и соусом хойсин", "action_flag": 2, "change_message": "[{\"changed\": {\"fields\": [\"\\u041a\\u0430\\u0442\\u0435\\u0433\\u043e\\u0440\\u0438\\u044f\"]}}]"}}, {"model": "admin.logentry", "pk": 126, "fields": {"action_time": "2023-03-19T23:21:26.583Z", "user": 1, "content_type": 2, "object_id": "115", "object_repr": "Курочка в соусе сладкий чили", "action_flag": 2, "change_message": "[{\"changed\": {\"fields\": [\"\\u041a\\u0430\\u0442\\u0435\\u0433\\u043e\\u0440\\u0438\\u044f\"]}}]"}}, {"model": "admin.logentry", "pk": 127, "fields": {"action_time": "2023-03-19T23:21:41.872Z", "user": 1, "content_type": 2, "object_id": "116", "object_repr": "Шашлычки куриные в соусе терияки", "action_flag": 2, "change_message": "[{\"changed\": {\"fields\": [\"\\u041a\\u0430\\u0442\\u0435\\u0433\\u043e\\u0440\\u0438\\u044f\"]}}]"}}, {"model": "admin.logentry", "pk": 128, "fields": {"action_time": "2023-03-19T23:21:49.175Z", "user": 1, "content_type": 2, "object_id": "117", "object_repr": "Сервисный сбор до 50 гостей", "action_flag": 2, "change_message": "[{\"changed\": {\"fields\": [\"\\u041a\\u0430\\u0442\\u0435\\u0433\\u043e\\u0440\\u0438\\u044f\"]}}]"}}, {"model": "admin.logentry", "pk": 129, "fields": {"action_time": "2023-03-19T23:21:57.440Z", "user": 1, "content_type": 2, "object_id": "118", "object_repr": "Сервисный сбор более 50 гостей", "action_flag": 2, "change_message": "[{\"changed\": {\"fields\": [\"\\u041a\\u0430\\u0442\\u0435\\u0433\\u043e\\u0440\\u0438\\u044f\"]}}]"}}, {"model": "admin.logentry", "pk": 130, "fields": {"action_time": "2023-03-19T23:22:06.582Z", "user": 1, "content_type": 2, "object_id": "119", "object_repr": "Лимонадник", "action_flag": 2, "change_message": "[{\"changed\": {\"fields\": [\"\\u041a\\u0430\\u0442\\u0435\\u0433\\u043e\\u0440\\u0438\\u044f\"]}}]"}}, {"model": "admin.logentry", "pk": 131, "fields": {"action_time": "2023-03-19T23:22:12.598Z", "user": 1, "content_type": 2, "object_id": "120", "object_repr": "Шот", "action_flag": 2, "change_message": "[{\"changed\": {\"fields\": [\"\\u041a\\u0430\\u0442\\u0435\\u0433\\u043e\\u0440\\u0438\\u044f\"]}}]"}}, {"model": "admin.logentry", "pk": 132, "fields": {"action_time": "2023-03-19T23:22:35.592Z", "user": 1, "content_type": 2, "object_id": "121", "object_repr": "Гастроемкость большая 1/1", "action_flag": 2, "change_message": "[{\"changed\": {\"fields\": [\"\\u041a\\u0430\\u0442\\u0435\\u0433\\u043e\\u0440\\u0438\\u044f\"]}}]"}}, {"model": "admin.logentry", "pk": 133, "fields": {"action_time": "2023-03-19T23:22:40.482Z", "user": 1, "content_type": 2, "object_id": "122", "object_repr": "Гастроемкость средняя 1/2", "action_flag": 2, "change_message": "[{\"changed\": {\"fields\": [\"\\u041a\\u0430\\u0442\\u0435\\u0433\\u043e\\u0440\\u0438\\u044f\"]}}]"}}, {"model": "admin.logentry", "pk": 134, "fields": {"action_time": "2023-03-19T23:22:45.090Z", "user": 1, "content_type": 2, "object_id": "123", "object_repr": "Гастроемкость маленькая 1/3", "action_flag": 2, "change_message": "[{\"changed\": {\"fields\": [\"\\u041a\\u0430\\u0442\\u0435\\u0433\\u043e\\u0440\\u0438\\u044f\"]}}]"}}, {"model": "admin.logentry", "pk": 135, "fields": {"action_time": "2023-03-19T23:22:49.551Z", "user": 1, "content_type": 2, "object_id": "124", "object_repr": "Подставка плетеная", "action_flag": 2, "change_message": "[{\"changed\": {\"fields\": [\"\\u041a\\u0430\\u0442\\u0435\\u0433\\u043e\\u0440\\u0438\\u044f\"]}}]"}}, {"model": "admin.logentry", "pk": 136, "fields": {"action_time": "2023-03-19T23:22:55.111Z", "user": 1, "content_type": 2, "object_id": "125", "object_repr": "Сет посуды", "action_flag": 2, "change_message": "[{\"changed\": {\"fields\": [\"\\u041a\\u0430\\u0442\\u0435\\u0433\\u043e\\u0440\\u0438\\u044f\"]}}]"}}, {"model": "admin.logentry", "pk": 137, "fields": {"action_time": "2023-03-19T23:23:00.745Z", "user": 1, "content_type": 2, "object_id": "126", "object_repr": "Тарелка закусочная", "action_flag": 2, "change_message": "[{\"changed\": {\"fields\": [\"\\u041a\\u0430\\u0442\\u0435\\u0433\\u043e\\u0440\\u0438\\u044f\"]}}]"}}, {"model": "admin.logentry", "pk": 138, "fields": {"action_time": "2023-03-19T23:23:05.864Z", "user": 1, "content_type": 2, "object_id": "127", "object_repr": "Ваза для пунша", "action_flag": 2, "change_message": "[{\"changed\": {\"fields\": [\"\\u041a\\u0430\\u0442\\u0435\\u0433\\u043e\\u0440\\u0438\\u044f\"]}}]"}}, {"model": "admin.logentry", "pk": 139, "fields": {"action_time": "2023-03-19T23:23:11.683Z", "user": 1, "content_type": 2, "object_id": "128", "object_repr": "Флюте для игристого", "action_flag": 2, "change_message": "[{\"changed\": {\"fields\": [\"\\u041a\\u0430\\u0442\\u0435\\u0433\\u043e\\u0440\\u0438\\u044f\"]}}]"}}, {"model": "admin.logentry", "pk": 140, "fields": {"action_time": "2023-03-19T23:23:16.910Z", "user": 1, "content_type": 2, "object_id": "129", "object_repr": "Шале для игристого", "action_flag": 2, "change_message": "[{\"changed\": {\"fields\": [\"\\u041a\\u0430\\u0442\\u0435\\u0433\\u043e\\u0440\\u0438\\u044f\"]}}]"}}, {"model": "admin.logentry", "pk": 141, "fields": {"action_time": "2023-03-19T23:23:21.609Z", "user": 1, "content_type": 2, "object_id": "130", "object_repr": "Бокал для воды", "action_flag": 2, "change_message": "[{\"changed\": {\"fields\": [\"\\u041a\\u0430\\u0442\\u0435\\u0433\\u043e\\u0440\\u0438\\u044f\"]}}]"}}, {"model": "admin.logentry", "pk": 142, "fields": {"action_time": "2023-03-19T23:23:26.233Z", "user": 1, "content_type": 2, "object_id": "131", "object_repr": "Бокал для воды зеленый", "action_flag": 2, "change_message": "[{\"changed\": {\"fields\": [\"\\u041a\\u0430\\u0442\\u0435\\u0433\\u043e\\u0440\\u0438\\u044f\"]}}]"}}, {"model": "admin.logentry", "pk": 143, "fields": {"action_time": "2023-03-19T23:23:33.089Z", "user": 1, "content_type": 2, "object_id": "132", "object_repr": "Мармит для горячих блюд", "action_flag": 2, "change_message": "[{\"changed\": {\"fields\": [\"\\u041a\\u0430\\u0442\\u0435\\u0433\\u043e\\u0440\\u0438\\u044f\"]}}]"}}, {"model": "admin.logentry", "pk": 144, "fields": {"action_time": "2023-03-19T23:23:37.829Z", "user": 1, "content_type": 2, "object_id": "133", "object_repr": "Термопот для горячих напитков", "action_flag": 2, "change_message": "[{\"changed\": {\"fields\": [\"\\u041a\\u0430\\u0442\\u0435\\u0433\\u043e\\u0440\\u0438\\u044f\"]}}]"}}, {"model": "admin.logentry", "pk": 145, "fields": {"action_time": "2023-03-19T23:23:42.382Z", "user": 1, "content_type": 2, "object_id": "134", "object_repr": "Бокал для крепких напитков (рокс)", "action_flag": 2, "change_message": "[{\"changed\": {\"fields\": [\"\\u041a\\u0430\\u0442\\u0435\\u0433\\u043e\\u0440\\u0438\\u044f\"]}}]"}}, {"model": "admin.logentry", "pk": 146, "fields": {"action_time": "2023-03-19T23:23:49.231Z", "user": 1, "content_type": 2, "object_id": "135", "object_repr": "Бокал винный", "action_flag": 2, "change_message": "[{\"changed\": {\"fields\": [\"\\u041a\\u0430\\u0442\\u0435\\u0433\\u043e\\u0440\\u0438\\u044f\"]}}]"}}, {"model": "admin.logentry", "pk": 147, "fields": {"action_time": "2023-03-19T23:23:54.948Z", "user": 1, "content_type": 2, "object_id": "136", "object_repr": "Соусник керамический", "action_flag": 2, "change_message": "[{\"changed\": {\"fields\": [\"\\u041a\\u0430\\u0442\\u0435\\u0433\\u043e\\u0440\\u0438\\u044f\"]}}]"}}, {"model": "admin.logentry", "pk": 148, "fields": {"action_time": "2023-03-19T23:24:10.983Z", "user": 1, "content_type": 2, "object_id": "139", "object_repr": "Настоящий узбекский плов", "action_flag": 2, "change_message": "[{\"changed\": {\"fields\": [\"\\u041a\\u0430\\u0442\\u0435\\u0433\\u043e\\u0440\\u0438\\u044f\"]}}]"}}, {"model": "admin.logentry", "pk": 149, "fields": {"action_time": "2023-03-19T23:24:17.748Z", "user": 1, "content_type": 2, "object_id": "140", "object_repr": "Скатерть белая", "action_flag": 2, "change_message": "[]"}}, {"model": "admin.logentry", "pk": 150, "fields": {"action_time": "2023-03-19T23:25:16.952Z", "user": 1, "content_type": 2, "object_id": "103", "object_repr": "Устричный бар с просеко", "action_flag": 2, "change_message": "[{\"changed\": {\"fields\": [\"\\u041d\\u043e\\u0432\\u0438\\u043d\\u043a\\u0430!\"]}}]"}}, {"model": "admin.logentry", "pk": 151, "fields": {"action_time": "2023-03-19T23:25:29.064Z", "user": 1, "content_type": 2, "object_id": "1", "object_repr": "Бородинский тост с форшмаком  перепелиным яйцом", "action_flag": 2, "change_message": "[{\"changed\": {\"fields\": [\"\\u041d\\u043e\\u0432\\u0438\\u043d\\u043a\\u0430!\"]}}]"}}, {"model": "admin.logentry", "pk": 152, "fields": {"action_time": "2023-03-19T23:25:33.378Z", "user": 1, "content_type": 2, "object_id": "9", "object_repr": "Рыбный крокет", "action_flag": 2, "change_message": "[{\"changed\": {\"fields\": [\"\\u041d\\u043e\\u0432\\u0438\\u043d\\u043a\\u0430!\"]}}]"}}, {"model": "admin.logentry", "pk": 153, "fields": {"action_time": "2023-03-19T23:25:38.022Z", "user": 1, "content_type": 2, "object_id": "21", "object_repr": "Цезарь с креветками", "action_flag": 2, "change_message": "[{\"changed\": {\"fields\": [\"\\u041d\\u043e\\u0432\\u0438\\u043d\\u043a\\u0430!\"]}}]"}}, {"model": "admin.logentry", "pk": 154, "fields": {"action_time": "2023-03-19T23:25:43.717Z", "user": 1, "content_type": 2, "object_id": "40", "object_repr": "Шашлычки куриные", "action_flag": 2, "change_message": "[{\"changed\": {\"fields\": [\"\\u041d\\u043e\\u0432\\u0438\\u043d\\u043a\\u0430!\"]}}]"}}, {"model": "admin.logentry", "pk": 155, "fields": {"action_time": "2023-03-19T23:25:49.083Z", "user": 1, "content_type": 2, "object_id": "48", "object_repr": "Мини сосиски в беконе", "action_flag": 2, "change_message": "[{\"changed\": {\"fields\": [\"\\u041d\\u043e\\u0432\\u0438\\u043d\\u043a\\u0430!\"]}}]"}}, {"model": "admin.logentry", "pk": 156, "fields": {"action_time": "2023-03-19T23:25:54.253Z", "user": 1, "content_type": 2, "object_id": "2", "object_repr": "Креветка панко в соусе сладкий чили", "action_flag": 2, "change_message": "[{\"changed\": {\"fields\": [\"\\u041d\\u043e\\u0432\\u0438\\u043d\\u043a\\u0430!\"]}}]"}}, {"model": "admin.logentry", "pk": 157, "fields": {"action_time": "2023-03-19T23:25:59.279Z", "user": 1, "content_type": 2, "object_id": "20", "object_repr": "Цезарь с курицей", "action_flag": 2, "change_message": "[{\"changed\": {\"fields\": [\"\\u041d\\u043e\\u0432\\u0438\\u043d\\u043a\\u0430!\"]}}]"}}, {"model": "auth.permission", "pk": 1, "fields": {"name": "Can add Категория", "content_type": 1, "codename": "add_category"}}, {"model": "auth.permission", "pk": 2, "fields": {"name": "Can change Категория", "content_type": 1, "codename": "change_category"}}, {"model": "auth.permission", "pk": 3, "fields": {"name": "Can delete Категория", "content_type": 1, "codename": "delete_category"}}, {"model": "auth.permission", "pk": 4, "fields": {"name": "Can view Категория", "content_type": 1, "codename": "view_category"}}, {"model": "auth.permission", "pk": 5, "fields": {"name": "Can add Позиция", "content_type": 2, "codename": "add_position"}}, {"model": "auth.permission", "pk": 6, "fields": {"name": "Can change Позиция", "content_type": 2, "codename": "change_position"}}, {"model": "auth.permission", "pk": 7, "fields": {"name": "Can delete Позиция", "content_type": 2, "codename": "delete_position"}}, {"model": "auth.permission", "pk": 8, "fields": {"name": "Can view Позиция", "content_type": 2, "codename": "view_position"}}, {"model": "auth.permission", "pk": 9, "fields": {"name": "Can add position for shopping cart", "content_type": 3, "codename": "add_positionforshoppingcart"}}, {"model": "auth.permission", "pk": 10, "fields": {"name": "Can change position for shopping cart", "content_type": 3, "codename": "change_positionforshoppingcart"}}, {"model": "auth.permission", "pk": 11, "fields": {"name": "Can delete position for shopping cart", "content_type": 3, "codename": "delete_positionforshoppingcart"}}, {"model": "auth.permission", "pk": 12, "fields": {"name": "Can view position for shopping cart", "content_type": 3, "codename": "view_positionforshoppingcart"}}, {"model": "auth.permission", "pk": 13, "fields": {"name": "Can add Подкатегория", "content_type": 4, "codename": "add_subcategory"}}, {"model": "auth.permission", "pk": 14, "fields": {"name": "Can change Подкатегория", "content_type": 4, "codename": "change_subcategory"}}, {"model": "auth.permission", "pk": 15, "fields": {"name": "Can delete Подкатегория", "content_type": 4, "codename": "delete_subcategory"}}, {"model": "auth.permission", "pk": 16, "fields": {"name": "Can view Подкатегория", "content_type": 4, "codename": "view_subcategory"}}, {"model": "auth.permission", "pk": 17, "fields": {"name": "Can add Корзина", "content_type": 5, "codename": "add_shoppingcart"}}, {"model": "auth.permission", "pk": 18, "fields": {"name": "Can change Корзина", "content_type": 5, "codename": "change_shoppingcart"}}, {"model": "auth.permission", "pk": 19, "fields": {"name": "Can delete Корзина", "content_type": 5, "codename": "delete_shoppingcart"}}, {"model": "auth.permission", "pk": 20, "fields": {"name": "Can view Корзина", "content_type": 5, "codename": "view_shoppingcart"}}, {"model": "auth.permission", "pk": 21, "fields": {"name": "Can add Позвоните мне", "content_type": 6, "codename": "add_callme"}}, {"model": "auth.permission", "pk": 22, "fields": {"name": "Can change Позвоните мне", "content_type": 6, "codename": "change_callme"}}, {"model": "auth.permission", "pk": 23, "fields": {"name": "Can delete Позвоните мне", "content_type": 6, "codename": "delete_callme"}}, {"model": "auth.permission", "pk": 24, "fields": {"name": "Can view Позвоните мне", "content_type": 6, "codename": "view_callme"}}, {"model": "auth.permission", "pk": 25, "fields": {"name": "Can add Ссылка", "content_type": 7, "codename": "add_link"}}, {"model": "auth.permission", "pk": 26, "fields": {"name": "Can change Ссылка", "content_type": 7, "codename": "change_link"}}, {"model": "auth.permission", "pk": 27, "fields": {"name": "Can delete Ссылка", "content_type": 7, "codename": "delete_link"}}, {"model": "auth.permission", "pk": 28, "fields": {"name": "Can view Ссылка", "content_type": 7, "codename": "view_link"}}, {"model": "auth.permission", "pk": 29, "fields": {"name": "Can add Контакт", "content_type": 8, "codename": "add_contact"}}, {"model": "auth.permission", "pk": 30, "fields": {"name": "Can change Контакт", "content_type": 8, "codename": "change_contact"}}, {"model": "auth.permission", "pk": 31, "fields": {"name": "Can delete Контакт", "content_type": 8, "codename": "delete_contact"}}, {"model": "auth.permission", "pk": 32, "fields": {"name": "Can view Контакт", "content_type": 8, "codename": "view_contact"}}, {"model": "auth.permission", "pk": 33, "fields": {"name": "Can add Пользователь", "content_type": 9, "codename": "add_user"}}, {"model": "auth.permission", "pk": 34, "fields": {"name": "Can change Пользователь", "content_type": 9, "codename": "change_user"}}, {"model": "auth.permission", "pk": 35, "fields": {"name": "Can delete Пользователь", "content_type": 9, "codename": "delete_user"}}, {"model": "auth.permission", "pk": 36, "fields": {"name": "Can view Пользователь", "content_type": 9, "codename": "view_user"}}, {"model": "auth.permission", "pk": 37, "fields": {"name": "Can add log entry", "content_type": 10, "codename": "add_logentry"}}, {"model": "auth.permission", "pk": 38, "fields": {"name": "Can change log entry", "content_type": 10, "codename": "change_logentry"}}, {"model": "auth.permission", "pk": 39, "fields": {"name": "Can delete log entry", "content_type": 10, "codename": "delete_logentry"}}, {"model": "auth.permission", "pk": 40, "fields": {"name": "Can view log entry", "content_type": 10, "codename": "view_logentry"}}, {"model": "auth.permission", "pk": 41, "fields": {"name": "Can add permission", "content_type": 11, "codename": "add_permission"}}, {"model": "auth.permission", "pk": 42, "fields": {"name": "Can change permission", "content_type": 11, "codename": "change_permission"}}, {"model": "auth.permission", "pk": 43, "fields": {"name": "Can delete permission", "content_type": 11, "codename": "delete_permission"}}, {"model": "auth.permission", "pk": 44, "fields": {"name": "Can view permission", "content_type": 11, "codename": "view_permission"}}, {"model": "auth.permission", "pk": 45, "fields": {"name": "Can add group", "content_type": 12, "codename": "add_group"}}, {"model": "auth.permission", "pk": 46, "fields": {"name": "Can change group", "content_type": 12, "codename": "change_group"}}, {"model": "auth.permission", "pk": 47, "fields": {"name": "Can delete group", "content_type": 12, "codename": "delete_group"}}, {"model": "auth.permission", "pk": 48, "fields": {"name": "Can view group", "content_type": 12, "codename": "view_group"}}, {"model": "auth.permission", "pk": 49, "fields": {"name": "Can add content type", "content_type": 13, "codename": "add_contenttype"}}, {"model": "auth.permission", "pk": 50, "fields": {"name": "Can change content type", "content_type": 13, "codename": "change_contenttype"}}, {"model": "auth.permission", "pk": 51, "fields": {"name": "Can delete content type", "content_type": 13, "codename": "delete_contenttype"}}, {"model": "auth.permission", "pk": 52, "fields": {"name": "Can view content type", "content_type": 13, "codename": "view_contenttype"}}, {"model": "auth.permission", "pk": 53, "fields": {"name": "Can add session", "content_type": 14, "codename": "add_session"}}, {"model": "auth.permission", "pk": 54, "fields": {"name": "Can change session", "content_type": 14, "codename": "change_session"}}, {"model": "auth.permission", "pk": 55, "fields": {"name": "Can delete session", "content_type": 14, "codename": "delete_session"}}, {"model": "auth.permission", "pk": 56, "fields": {"name": "Can view session", "content_type": 14, "codename": "view_session"}}, {"model": "auth.permission", "pk": 57, "fields": {"name": "Can add Token", "content_type": 15, "codename": "add_token"}}, {"model": "auth.permission", "pk": 58, "fields": {"name": "Can change Token", "content_type": 15, "codename": "change_token"}}, {"model": "auth.permission", "pk": 59, "fields": {"name": "Can delete Token", "content_type": 15, "codename": "delete_token"}}, {"model": "auth.permission", "pk": 60, "fields": {"name": "Can view Token", "content_type": 15, "codename": "view_token"}}, {"model": "auth.permission", "pk": 61, "fields": {"name": "Can add token", "content_type": 16, "codename": "add_tokenproxy"}}, {"model": "auth.permission", "pk": 62, "fields": {"name": "Can change token", "content_type": 16, "codename": "change_tokenproxy"}}, {"model": "auth.permission", "pk": 63, "fields": {"name": "Can delete token", "content_type": 16, "codename": "delete_tokenproxy"}}, {"model": "auth.permission", "pk": 64, "fields": {"name": "Can view token", "content_type": 16, "codename": "view_tokenproxy"}}, {"model": "contenttypes.contenttype", "pk": 1, "fields": {"app_label": "api", "model": "category"}}, {"model": "contenttypes.contenttype", "pk": 2, "fields": {"app_label": "api", "model": "position"}}, {"model": "contenttypes.contenttype", "pk": 3, "fields": {"app_label": "api", "model": "positionforshoppingcart"}}, {"model": "contenttypes.contenttype", "pk": 4, "fields": {"app_label": "api", "model": "subcategory"}}, {"model": "contenttypes.contenttype", "pk": 5, "fields": {"app_label": "api", "model": "shoppingcart"}}, {"model": "contenttypes.contenttype", "pk": 6, "fields": {"app_label": "users", "model": "callme"}}, {"model": "contenttypes.contenttype", "pk": 7, "fields": {"app_label": "users", "model": "link"}}, {"model": "contenttypes.contenttype", "pk": 8, "fields": {"app_label": "users", "model": "contact"}}, {"model": "contenttypes.contenttype", "pk": 9, "fields": {"app_label": "users", "model": "user"}}, {"model": "contenttypes.contenttype", "pk": 10, "fields": {"app_label": "admin", "model": "logentry"}}, {"model": "contenttypes.contenttype", "pk": 11, "fields": {"app_label": "auth", "model": "permission"}}, {"model": "contenttypes.contenttype", "pk": 12, "fields": {"app_label": "auth", "model": "group"}}, {"model": "contenttypes.contenttype", "pk": 13, "fields": {"app_label": "contenttypes", "model": "contenttype"}}, {"model": "contenttypes.contenttype", "pk": 14, "fields": {"app_label": "sessions", "model": "session"}}, {"model": "contenttypes.contenttype", "pk": 15, "fields": {"app_label": "authtoken", "model": "token"}}, {"model": "contenttypes.contenttype", "pk": 16, "fields": {"app_label": "authtoken", "model": "tokenproxy"}}, {"model": "sessions.session", "pk": "w5zppgfmhgv42ungyr9n7du2e682fh9i", "fields": {"session_data": ".eJxVjEEOwiAQRe_C2hCYMi24dO8ZyAyMUjU0Ke3KeHfbpAvd_vfef6tI61Li2mSOY1ZnZdXpd2NKT6k7yA-q90mnqS7zyHpX9EGbvk5ZXpfD_Tso1MpWJwh9Z12CG7AxHNALkk8CfgCHA6HjICDEAthlGwgCGkcofXCyFerzBdD6N2k:1pe18A:1JW8FxmmWbKGpw0rL7R-Loz_l6phavVD3YUhhLLtUd4", "expire_date": "2023-04-02T22:03:58.862Z"}}]